mecanismo,event_date,next_event_date,u_star,u_exec,regret_t,s_star,s_exec
M0,2018-01-03,2018-01-08,1.4714337174674694,0.5548714019286429,0.9165623155388265,"CTKA4,PRIO3,CTKA3,MWET4,PLAS3,FESA3,BOBR4,EALT4,EQMA3B,FESA4","CTNM3,MGEL4,BMIN4,AMAR3,FESA4,CTKA4,ETER3,PEAB3,VULC3,TPIS3"
M0,2018-01-08,2018-01-15,1.4316808161754428,-0.12930308392908518,1.560983900104528,"CRPG5,EALT4,UNIP3,UNIP5,UNIP6,MERC4,CRPG6,USIM3,FESA3,USIM5","MGEL4,CTNM3,ETER3,TPIS3,VULC3,AMAR3,PEAB3,CTKA4,CTKA3,INEP3"
M0,2018-01-15,2018-01-22,1.3932098001595508,-0.05758332658969802,1.4507931267492489,"BRSR5,ENGI3,OIBR3,MOAR3,GFSA3,COCE3,CTNM3,OIBR4,BRKM3,CRPG3","VULC3,MGEL4,ETER3,PEAB3,CTNM3,AMAR3,EALT4,UNIP5,FESA3,CTKA4"
M0,2018-01-22,2018-01-29,2.2521691487047346,0.14096791750101512,2.1112012312037196,"NUTR3,CTNM3,CEDO4,WLMM4,CEED3,BRSR5,CTNM4,SGPS3,EQMA3B,CMIG4","EALT4,BMIN4,UNIP5,VULC3,PEAB3,AMAR3,ETER3,CEBR5,CRPG3,RPAD5"
M0,2018-01-29,2018-02-05,1.7725916378290674,-0.2303133037053926,2.00290494153446,"CTNM3,OSXB3,DOHL4,HETA4,RSUL4,CEEB5,RPAD3,BMEB3,EUCA4,CSUD3","EALT4,VULC3,PEAB3,ETER3,AMAR3,CRPG3,FESA3,EQMA3B,WLMM4,UNIP3"
M0,2018-02-05,2018-02-14,1.469677240950901,-0.6778133784762179,2.147490619427119,"RSUL4,BRSR3,MAPT4,SHOW3,PCAR3,EUCA4,SNSY5,VALE3,UNIP6,MWET4","CRPG3,BMIN4,VULC3,PEAB3,ETER3,AMAR3,CTNM3,RPAD5,CEDO4,BMEB3"
M0,2018-02-14,2018-02-19,1.415868565659568,0.0546352988763813,1.3612332667831866,"CTNM3,UNIP6,ROMI3,UNIP3,GOAU4,WLMM3,CBEE3,UNIP5,GGBR4,MGEL4","EALT4,VULC3,PEAB3,ETER3,AMAR3,DTCY3,MERC4,CTNM3,EQMA3B,MWET4"
M0,2018-02-19,2018-02-26,1.9763003237313221,-0.202236829001316,2.178537152732638,"PLAS3,TELB3,LUPA3,OFSA3,RSUL4,USIM6,BMEB4,MGLU3,AXIA6,AXIA3","RPAD5,VULC3,ETER3,AMAR3,CTNM3,EALT4,EQMA3B,AFLT3,REDE3,CTKA4"
M0,2018-02-26,2018-03-05,1.20810006296041,0.0052821861033568625,1.202817876857053,"BMIN4,MGEL4,SNSY5,ENGI4,ROMI3,RPMG3,TELB3,MNPR3,BDLL4,PATI3","EALT4,VULC3,BMIN4,ETER3,AMAR3,CTNM3,CEDO4,UNIP6,UNIP5,UNIP3"
M0,2018-03-05,2018-03-12,2.1384633449026293,-0.11390872558921299,2.2523720704918424,"OSXB3,INEP3,OFSA3,OIBR3,SAPR3,INEP4,RENT3,HETA4,IRBR3,BBDC4","CTNM3,EALT4,VULC3,AMAR3,PLAS3,MERC4,SNSY5,UNIP5,UNIP3,BMIN4"
M0,2018-03-12,2018-03-19,1.9988504822547968,-0.2671790550701631,2.2660295373249597,"INEP3,SUZB3,JFEN3,BALM3,BMIN4,INEP4,FRIO3,BRSR5,REDE3,AFLT3","PLAS3,CEDO4,CTNM3,EALT4,VULC3,AMAR3,DTCY3,CEED3,UNIP6,UNIP5"
M0,2018-03-19,2018-03-26,1.0158684226670416,0.2230713584580887,0.7927970642089529,"SAPR3,HETA4,SUZB3,FESA3,REDE3,MGLU3,UNIP3,CEBR5,UNIP6,UNIP5","CTNM3,EALT4,VULC3,AMAR3,BRSR5,BGIP3,AFLT3,UNIP6,UNIP5,UNIP3"
M0,2018-03-26,2018-04-02,1.2229611359934491,-0.3620370699779472,1.5849982059713963,"SOND5,KLBN3,MWET4,PDGR3,RPMG3,REDE3,CTNM3,HBTS5,CEDO4,CGAS3","PLAS3,CTNM3,VULC3,RPAD5,AMAR3,RSUL4,SUZB3,UNIP6,UNIP5,UNIP3"
M0,2018-04-02,2018-04-09,3.4687726265758605,-0.07021330238034132,3.538985928956202,"JFEN3,MBRF3,TCSA3,MWET4,SOND6,LIGT3,GFSA3,BEEF3,SOND5,CEEB5","CEBR5,MERC4,CEDO4,VULC3,AMAR3,REDE3,PLAS3,SUZB3,EALT4,UNIP3"
M0,2018-04-09,2018-04-16,1.3941096861327527,-0.28903560504761927,1.683145291180372,"HBTS5,NORD3,INEP4,HAGA4,HETA4,TECN3,MBRF3,BIOM3,TUPY3,ROMI3","REDE3,RPAD5,VULC3,AMAR3,JFEN3,CEEB5,BRSR5,SUZB3,CEEB3,KLBN3"
M0,2018-04-16,2018-04-23,2.2636141346560392,0.1106361163712991,2.15297801828474,"PSVM11,BSLI4,PRIO3,INEP3,GSHP3,TELB4,LIGT3,FHER3,PDGR3,TPIS3","JFEN3,VULC3,AMAR3,HBTS5,SUZB3,REDE3,KLBN3,PLAS3,ENGI4,UNIP5"
M0,2018-04-23,2018-04-30,4.018368812076227,0.01551463709796487,4.002854174978262,"EALT4,FHER3,ENMT3,MWET4,ENMT4,WHRL4,CRPG3,WHRL3,CRPG5,WLMM3","HBTS5,CEBR5,RPAD5,VULC3,AMAR3,JFEN3,SUZB3,PLAS3,FRIO3,REDE3"
M0,2018-04-30,2018-05-07,1.0857607192405796,-2.598426608878863,3.6841873281194424,"HBTS5,BALM4,CRPG5,CRPG6,UNIP6,UNIP5,ESTR4,CTNM3,CBEE3,HETA4","MERC4,VULC3,AMAR3,USIM6,EALT4,MWET4,SUZB3,PLAS3,KLBN3,REDE3"
M0,2018-05-07,2018-05-14,1.75256548908416,0.1448609644991935,1.6077045245849666,"SNSY5,ENMT3,PETR3,INEP4,INEP3,PETR4,SHUL4,SUZB3,RADL3,NATU3","AMAR3,VULC3,SUZB3,UNIP5,CRPG6,REDE3,CEDO4,PLAS3,UNIP3,SHOW3"
M0,2018-05-14,2018-05-21,2.4722554589459818,1.0955971076859787,1.376658351260003,"INEP4,INEP3,LOGN3,UNIP5,UNIP6,UNIP3,JOPA3,FHER3,RSUL4,HAPV3","UNIP5,AMAR3,VULC3,JFEN3,SUZB3,INEP3,KLBN3,INEP4,PETR3,UNIP6"
M0,2018-05-21,2018-05-28,0.6604578472995533,-0.46334688443686084,1.1238047317364142,"ITSA4,BEEF3,CEBR6,ALUP4,ENMT4,MNPR3,MDIA3,MBRF3,KLBN3,CTSA3","SUZB3,VULC3,AMAR3,ENMT4,INEP3,CRPG3,HBTS5,FHER3,ENMT3,UNIP5"
M0,2018-06-04,2018-06-11,0.8158749740222279,-0.27868277225099175,1.0945577462732197,"EALT3,FHER3,PEAB3,WHRL3,CBEE3,CTSA3,LOGN3,DOHL4,PLAS3,BDLL4","ENMT4,JFEN3,CRPG3,INEP4,SUZB3,FHER3,UNIP5,UNIP6,UNIP3,KLBN3"
M0,2018-06-11,2018-06-18,1.7756657101389854,-0.12217951056447929,1.8978452207034646,"AHEB3,PMAM3,RPMG3,ETER3,DTCY3,ENMT3,BRKM5,BRKM3,LUPA3,MGLU3","INEP4,HBTS5,SUZB3,UNIP6,UNIP5,MBRF3,UNIP3,REDE3,SLCE3,ENMT3"
M0,2018-06-25,2018-07-02,1.9412649805195081,0.21646704191735927,1.7247979386021488,"VIVR3,EALT3,AZEV4,RPAD3,BRSR3,EMAE4,SLCE3,WLMM4,PTNT4,PETR4","MBRF3,SLCE3,SUZB3,PSVM11,INEP3,FHER3,INEP4,UNIP6,ENMT3,UNIP5"
M0,2018-07-02,2018-07-10,2.0011791282500195,0.7843258911580664,1.2168532370919531,"FHER3,ETER3,INEP3,BIOM3,EMAE4,ROMI3,AXIA5,INEP4,TEND3,POMO4","FHER3,INEP3,MBRF3,SUZB3,EALT3,INEP4,ENMT3,UNIP6,UNIP5,PRIO3"
M0,2018-07-10,2018-07-16,1.9368961172024721,0.654704556566609,1.2821915606358631,"INEP4,INEP3,PMAM3,ETER3,FHER3,MWET4,PLAS3,OIBR3,PSSA3,CVCB3","ENMT4,ENMT3,CRPG3,SUZB3,MBRF3,FHER3,INEP4,UNIP6,UNIP5,SOND6"
M0,2018-07-16,2018-07-23,2.9346723660217795,0.0847578477127468,2.8499145183090326,"RNEW4,RNEW3,WLMM3,CTNM3,TELB4,PSVM11,CTNM4,GFSA3,LIGT3,WLMM4","EALT3,ENMT3,UNIP6,CRPG3,MBRF3,JOPA3,SLCE3,UNIP5,MGLU3,UNIP3"
M0,2018-07-23,2018-07-30,2.1327445801517726,0.28618988551603414,1.8465546946357385,"ITUB3,ITUB4,FHER3,JFEN3,LUPA3,PRIO3,PATI4,PATI3,SANB3,RPAD5","ENMT4,ENMT3,UNIP5,UNIP6,MBRF3,INEP3,INEP4,FHER3,SLCE3,UNIP3"
M0,2018-07-30,2018-08-06,1.2690012531236912,0.2850159462081377,0.9839853069155535,"AMAR3,PLAS3,RNEW3,PEAB3,INEP3,UNIP3,JHSF3,GSHP3,MWET4,PRIO3","EALT3,INEP3,UNIP5,MBRF3,INEP4,ITUB4,ITUB3,UNIP6,EMAE4,MGLU3"
M0,2018-08-06,2018-08-13,0.8942124548837938,-0.4148590345384253,1.309071489422219,"ROMI3,RCSL3,BPAC3,TXRX4,ALUP3,MOVI3,SUZB3,BDLL4,PMAM3,JSLG3","EALT3,JOPA3,MBRF3,INEP4,FHER3,LOGN3,ITUB4,ITUB3,EMAE4,UNIP6"
M0,2018-08-13,2018-08-20,1.2819053551312019,-0.08183572179589718,1.363741076927099,"LOGN3,SLCE3,MDIA3,LIGT3,TAEE3,MNDL3,PTNT4,PSSA3,VULC3,ROMI3","JOPA3,LOGN3,MBRF3,INEP4,EMAE4,ITUB3,ITUB4,FHER3,PEAB3,MGLU3"
M0,2018-08-20,2018-08-27,1.5784052572752685,0.09988904282687301,1.4785162144483954,"DTCY3,KLBN3,CRPG6,CRPG5,ENGI3,CEBR3,NATU3,KLBN11,CRPG3,FESA4","INEP3,EMAE4,INEP4,ITUB3,EALT3,ITUB4,FHER3,MNDL3,DOHL4,LOGN3"
M0,2018-08-27,2018-09-03,1.5386022415832996,-0.5236345237510467,2.0622367653343465,"FICT3,MWET4,HBTS5,RANI3,PRIO3,LOGN3,MGEL4,BEES4,MNDL3,BMEB3","INEP3,INEP4,ITUB3,CRPG3,ENMT3,DTCY3,FRIO3,ITUB4,RNEW4,SLCE3"
M0,2018-09-03,2018-09-10,0.7622126113084554,-0.1264643315689905,0.8886769428774459,"PPLA11,LOGN3,IRBR3,SUZB3,CTNM4,AXIA6,EUCA4,PTNT4,PMAM3,ENGI3","DTCY3,INEP3,ITUB3,INEP4,PATI4,RPAD3,RCSL3,RNEW4,EMAE4,ITUB4"
M0,2018-09-10,2018-09-17,0.8201795085538836,-0.02250207647939509,0.8426815850332786,"BRKM6,BIOM3,GEPA3,PTBL3,INEP3,MNPR3,ANIM3,ROMI3,COCE5,RCSL4","ITUB3,INEP4,INEP3,ITUB4,EMAE4,RCSL3,PRIO3,BRKM3,BRKM5,RNEW3"
M0,2018-09-17,2018-09-24,1.401963040383273,0.3016430929721253,1.1003199474111476,"HETA4,INEP4,INEP3,CRPG3,ALUP3,PFRM3,PRIO3,PPLA11,RCSL4,BRAP4","INEP4,INEP3,ITUB3,JOPA3,BRKM6,RPAD3,EMAE4,ITUB4,RNEW4,EKTR4"
M0,2018-09-24,2018-10-01,1.087802267458428,0.05910996408990079,1.0286923033685271,"PPLA11,TELB4,RSUL4,DTCY3,TGMA3,OSXB3,TEND3,CEBR3,SCAR3,ALUP3","INEP3,ITUB3,JOPA3,INEP4,RPAD3,ITUB4,PRIO3,PSSA3,EMAE4,MNDL3"
M0,2018-10-01,2018-10-08,3.3200802750397505,0.09795625659972033,3.22212401844003,"AXIA6,AXIA3,CMIG3,CMIG4,PSVM11,BBAS3,MWET4,CSMG3,RAPT4,BRSR6","INEP3,ITUB4,ITUB3,INEP4,PRIO3,PSSA3,TELB4,MNDL3,IRBR3,ALUP3"
M0,2018-10-08,2018-10-15,2.309875714565278,0.1283166832309518,2.1815590313343263,"AZEV4,PDGR3,JFEN3,CTSA3,SOND5,VIVR3,LUPA3,CTKA3,HBOR3,CTNM3","DTCY3,PSVM11,CEED4,MSPA3,CRPG3,PATI3,PLAS3,MNDL3,PRIO3,MOAR3"
M0,2018-10-15,2018-10-22,5.640795130018877,0.1745999838325688,5.466195146186308,"AZEV4,AZEV3,RANI3,VIVR3,PDGR3,TPIS3,LOGN3,PINE4,FHER3,RSID3","TXRX3,PRIO3,ITUB4,ITUB3,CMIG3,MAPT4,PETR4,PETR3,RCSL4,CMIG4"
M0,2018-10-22,2018-10-29,4.639603462059376,0.20759097452268302,4.432012487536693,"ETER3,HBTS5,SNSY5,VIVR3,AZEV3,CBEE3,MILS3,PDGR3,MGEL4,TXRX4","ITUB4,ITUB3,CMIG3,PETR3,PETR4,RCSL4,CEGR3,PSVM11,PATI3,CLSC3"
M0,2018-10-29,2018-11-05,1.6109900397004662,-0.27706735308057795,1.888057392781044,"AXIA5,AZEV4,EMAE4,BALM4,VIVR3,CSUD3,PNVL3,FESA3,ENGI3,OIBR3","TXRX3,PETR4,PETR3,ITUB4,ITUB3,AZEV3,HBTS5,TXRX4,SNSY5,RANI3"
M0,2018-11-05,2018-11-12,1.3561788267472987,-0.9320556465637431,2.288234473311042,"CTNM3,DTCY3,CEED3,TECN3,FHER3,SGPS3,AMAR3,JOPA3,WLMM3,ROMI3","PETR3,ITUB3,ITUB4,BRKM6,HBTS5,ETER3,AZEV4,TXRX4,CRPG3,LOGN3"
M0,2018-11-12,2018-11-19,1.5075203005928721,-0.019260709215058215,1.5267810098079304,"CTNM3,BALM4,BOBR4,BMEB3,CLSC3,MILS3,GUAR3,LEVE3,SUZB3,LREN3","PETR3,ITUB4,ITUB3,CLSC3,ETER3,AZEV4,LOGN3,RANI3,DTCY3,CMIG3"
M0,2018-11-19,2018-11-26,1.266631592696983,-1.1820091822769323,2.4486407749739154,"BMEB3,CBEE3,RPMG3,RCSL3,FRIO3,RCSL4,SAPR3,LPSB3,PATI4,HETA4","PATI3,PETR3,ITUB4,ITUB3,CLSC3,FESA3,AZEV4,SNSY5,LOGN3,RANI3"
M0,2018-11-26,2018-12-03,1.4154017473843095,0.11245025074553305,1.3029514966387765,"INEP3,BALM4,CPLE3,CTNM3,USIM5,LOGN3,BMEB4,SAPR3,RCSL3,GOAU4","PETR3,ETER3,VIVR3,AZEV4,PPLA11,CMIG3,CTNM3,RANI3,LOGN3,CMIG4"
M0,2018-12-03,2018-12-10,1.0414195246303302,-0.40860980468898234,1.4500293293193125,"RNEW3,LOGN3,HETA4,DTCY3,TRIS3,RPAD6,HBOR3,EVEN3,SNSY5,RNEW4","ETER3,PETR3,BALM4,PLAS3,BRSR5,VIVR3,CTNM3,PPLA11,CMIG3,CPLE3"
M0,2018-12-10,2018-12-17,1.3468541813235748,0.1673279556086165,1.1795262257149584,"BAUH4,LUPA3,LPSB3,PRIO3,MILS3,USIM5,MWET4,CRPG5,MGEL4,SNSY5","ETER3,PETR3,CBEE3,SNSY5,VIVR3,PPLA11,CMIG3,JHSF3,LOGN3,SAPR3"
M0,2018-12-17,2018-12-26,1.2080731686978146,0.2821000296421891,0.9259731390556254,"LUXM4,DOHL4,VIVR3,PDGR3,PLAS3,CMIG3,PSVM11,CRPG3,CRPG6,CLSC3","CBEE3,ETER3,PETR3,PSVM11,VIVR3,PPLA11,BAUH4,LPSB3,CMIG3,EVEN3"
M0,2018-12-26,2019-01-02,2.349359454121175,0.39067709933577865,1.9586823547853964,"GSHP3,LUXM4,SGPS3,AXIA6,USIM6,CTNM4,RCSL4,TCSA3,AXIA5,TELB4","ETER3,PSVM11,PETR3,AZEV3,BRSR5,LOGG3,PLAS3,MILS3,CMIG3,SAPR3"
M0,2019-01-02,2019-01-07,1.7181995802849057,-0.0493194116510196,1.7675189919359253,"TELB4,CTNM3,TELB3,AXIA3,JOPA4,RCSL4,OIBR3,AXIA5,BEES4,TPIS3","CBEE3,PETR3,USIM6,PLAS3,CMIG3,MILS3,LPSB3,SAPR3,LOGN3,EVEN3"
M0,2019-01-07,2019-01-14,3.8807368333060084,0.3419269574201549,3.5388098758858533,"PDGR3,MGEL4,LOGG3,SAPR3,ENGI3,OSXB3,BMEB3,CLSC3,EALT4,NUTR3","PETR3,PATI4,VIVR3,MILS3,MSPA3,CMIG3,LOGN3,LPSB3,BMIN4,MGEL4"
M0,2019-01-14,2019-01-21,2.526963441490145,0.6487573089137453,1.8782061325764,"MWET4,AZEV3,WLMM3,MILS3,INEP4,SNSY5,AZEV4,CGAS5,CGAS3,INEP3","CBEE3,PETR3,SNSY5,LOGG3,MGEL4,CRPG3,SAPR3,MILS3,CTNM3,LOGN3"
M0,2019-01-21,2019-01-28,1.888060732423949,0.08823608349189102,1.799824648932058,"MTSA3,PSVM11,ENGI3,TXRX4,PLAS3,EGIE3,MNPR3,USIM6,MRVE3,PCAR3","PETR3,PSVM11,SNSY5,ETER3,CRPG3,MWET4,MILS3,MGEL4,TELB3,SAPR3"
M0,2019-01-28,2019-02-04,1.73138000648028,0.38564077778157907,1.3457392286987009,"PLAS3,PSVM11,PATI4,SAPR3,LUXM4,NORD3,BDLL4,BNBR3,MBRF3,ALUP4","USIM6,PATI3,PETR3,JOPA3,ETER3,ENMT4,SOND6,MILS3,BRSR5,SAPR3"
M0,2019-02-04,2019-02-11,1.2214159118066918,0.2271959827383418,0.99421992906835,"BPAC3,BMIN3,PATI4,SNSY5,PLAS3,CTNM3,EALT3,PFRM3,CEDO4,KEPL3","PATI3,CBEE3,PETR3,PATI4,SNSY5,BAUH4,SAPR3,CTNM3,BPAC5,MILS3"
M0,2019-02-11,2019-02-18,4.692771797487865,0.7742377564427317,3.918534041045133,"INEP3,INEP4,MERC3,BPAC3,AHEB3,CEGR3,PINE4,PRIO3,SNSY5,LOGN3","BALM4,PETR3,SNSY5,PLAS3,WLMM3,BAUH4,BPAC3,MILS3,RPAD5,MGEL4"
M0,2019-02-18,2019-02-25,1.7103096441538987,-0.37379797384070623,2.084107617994605,"CEED4,CSNA3,BPAR3,CEED3,BSLI4,OIBR3,LUPA3,CEBR5,GSHP3,BMEB4","PETR3,PSVM11,PLAS3,BMIN4,BPAC5,MILS3,SAPR3,BAUH4,GSHP3,TRIS3"
M0,2019-02-25,2019-03-06,2.135556080399679,-0.1574248218256814,2.2929809022253607,"BMIN4,RPAD3,PATI3,BMIN3,MRSA3B,AXIA5,CSNA3,PPLA11,POMO3,RPAD6","PLAS3,PETR3,CEED4,ENMT4,BPAC3,INEP3,INEP4,GSHP3,MWET4,MGEL4"
M0,2019-03-06,2019-03-11,1.2057218089990933,-0.056160003076746824,1.2618818120758402,"BBDC4,BBDC3,BALM4,DTCY3,EALT3,VIVR3,TRIS3,RNEW3,LIGT3,BEEF3","PLAS3,PETR3,LUXM4,INEP4,INEP3,RPAD5,GSHP3,CRPG3,MWET4,BAUH4"
M0,2019-03-11,2019-03-18,2.7717167604808552,-0.15909719143290083,2.930813951913756,"AZEV3,CEBR3,CEEB5,HAGA3,AFLT3,DOHL4,MWET4,CSNA3,PRIO3,JHSF3","USIM6,PLAS3,PETR3,CBEE3,CEED3,BMIN4,EALT3,INEP4,INEP3,GSHP3"
M0,2019-03-18,2019-03-25,1.4924453658079144,-0.142043856238698,1.6344892220466125,"RNEW4,RNEW3,FESA3,BAUH4,PPLA11,GSHP3,CEED3,BRSR5,CEDO4,ALPA3","PATI3,PLAS3,PETR3,BPAC3,INEP4,INEP3,GSHP3,RPAD5,COCE3,MWET4"
M0,2019-03-25,2019-04-01,1.8763324849796392,-1.5039658728219851,3.3802983578016246,"SOND6,SOND5,ENMT4,AMAR3,CSNA3,NATU3,RPAD3,CEBR5,CEBR6,ENMT3","PATI3,PETR3,MAPT4,JOPA4,LUXM4,WLMM3,GSHP3,INEP4,BMIN4,INEP3"
M0,2019-04-01,2019-04-08,1.4859897193292781,-0.061044654342885765,1.547034373672164,"EALT3,PSVM11,CEBR3,LUXM4,DTCY3,CEBR5,MBRF3,JSLG3,MWET4,FLRY3","PETR3,JOPA3,DOHL3,SOND6,SOND5,RPAD3,WLMM3,BPAC3,INEP4,INEP3"
M0,2019-04-08,2019-04-15,6.045454841258601,-1.1242343303256892,7.16968917158429,"VIVR3,EMAE3,MTSA3,CEED3,ESTR4,SOND5,SOND6,OIBR3,JOPA3,OIBR4","PETR3,EALT3,INEP4,INEP3,BPAC3,MWET4,CSNA3,PPLA11,DTCY3,ENGI3"
M0,2019-04-15,2019-04-22,2.5029617700710824,0.4150743284349187,2.087887441636164,"CASN3,CEED4,BPAC3,INEP4,ENGI4,INEP3,EUCA4,CPLE3,PLAS3,GEPA3","PATI3,CEED3,SOND5,SOND6,INEP4,BPAC3,INEP3,DTCY3,CSNA3,PNVL3"
M0,2019-04-22,2019-04-29,1.4399340345253906,-0.03354273464505387,1.4734767691704445,"MNPR3,ETER3,EUCA3,SBSP3,SEER3,CRPG5,BEEF3,CRPG6,HYPE3,CPLE3","USIM6,INEP3,DTCY3,ESTR4,RPAD5,BMIN4,CSNA3,RNEW4,RNEW3,AMAR3"
M0,2019-04-29,2019-05-06,3.8121926702651554,-0.07331777352702958,3.885510443792185,"PMAM3,CEBR5,ENGI3,MGLU3,CPLE3,BMIN4,NATU3,PPLA11,BEEF3,LEVE3","SOND5,INEP3,PATI3,USIM6,VIVR3,ENMT4,BPAC3,INEP4,DTCY3,RNEW4"
M0,2019-05-06,2019-05-13,1.3116981840794684,-0.4174494818290463,1.7291476659085148,"LUXM4,AHEB5,CEEB5,UCAS3,HAPV3,BPAC3,MGEL4,BAUH4,JSLG3,CEBR3","INEP3,PMAM3,VIVR3,CEBR5,BPAC3,ESTR4,RNEW4,DTCY3,CSNA3,BEEF3"
M0,2019-05-27,2019-06-03,1.7943678520716255,-0.2715542359962346,2.06592208806786,"PINE4,MRSA3B,MNPR3,BEES4,SAPR3,COCE5,ETER3,BEES3,HOOT4,SLCE3","TXRX3,INEP3,PMAM3,HAGA3,RNEW4,TKNO4,DTCY3,BPAC5,HBTS5,RNEW3"
M0,2019-06-03,2019-06-10,3.833093074554902,-0.6286732645610079,4.46176633911591,"AZEV3,AZEV4,HAGA3,RSID3,PLAS3,CEBR5,FICT3,CRPG6,HBOR3,GFSA3","PMAM3,INEP3,CBEE3,VIVR3,CEBR5,BPAC5,RNEW4,CPLE3,RNEW3,BPAC11"
M0,2019-06-10,2019-06-17,1.2798805220252627,-0.31459023284925514,1.5944707548745178,"PDGR3,HBTS5,PEAB4,OSXB3,AMAR3,PEAB3,CEBR3,CEBR6,MEAL3,ODPV3","PMAM3,VIVR3,INEP3,SOND5,RSUL4,HAGA3,MNPR3,BPAC5,ENMT3,BPAC11"
M0,2019-06-17,2019-06-24,2.2235138263484604,0.2364532627195274,1.987060563628933,"PSVM11,RPAD6,AFLT3,CEBR6,MNPR3,AHEB3,RPAD3,GFSA3,RPAD5,EQMA3B","PMAM3,INEP3,CBEE3,SOND5,VIVR3,MNPR3,BPAC5,ENMT3,JSLG3,NATU3"
M0,2019-06-24,2019-07-01,2.193765466335308,0.0161380036792642,2.177627462656044,"CTKA4,OSXB3,BIOM3,BAUH4,CTKA3,EUCA3,BMEB3,PINE4,BALM4,OIBR3","PMAM3,INEP3,VIVR3,ENMT4,CEBR5,RPAD5,BPAC5,QUAL3,JSLG3,ENMT3"
M0,2019-07-01,2019-07-08,4.58584368656102,0.5633347230984541,4.022508963462566,"RPMG3,CTKA3,SGPS3,CTKA4,TCSA3,HBOR3,CTNM4,MNPR3,CTNM3,WHRL3","PMAM3,INEP3,JOPA4,BALM4,VIVR3,MNPR3,BMEB3,CEBR6,BPAC5,TEND3"
M0,2019-07-08,2019-07-15,2.833372211481667,0.021867343180205594,2.8115048683014616,"ESTR4,AHEB3,NUTR3,SOND5,BNBR3,RCSL3,RSUL4,SOND6,BSLI4,PLAS3","PMAM3,INEP3,JOPA4,VIVR3,MNPR3,FRIO3,CEBR6,RPAD6,NEOE3,BAUH4"
M0,2019-07-15,2019-07-22,1.5530178781593822,-0.1550842316306215,1.7081021097900038,"HOOT4,WLMM3,HBTS5,UCAS3,SNSY5,PSVM11,GSHP3,LPSB3,FESA3,BMEB4","PMAM3,INEP3,HAGA3,MNPR3,PATI4,CTKA4,BSLI4,SOND5,BAUH4,CEBR6"
M0,2019-07-22,2019-07-29,3.3231164640365582,0.6196940921187787,2.7034223719177795,"NORD3,CTKA4,BNBR3,HAGA3,EQMA3B,PTNT4,EALT3,TXRX4,ABEV3,MWET4","PMAM3,INEP3,ESTR4,MNPR3,CTKA4,EKTR4,LOGN3,RPAD6,BMEB3,ENMT4"
M0,2019-08-12,2019-08-19,5.99321008813386,0.42030141966332313,5.572908668470537,"MAPT4,MAPT3,CEDO3,CEDO4,NORD3,PMAM3,PSVM11,DTCY3,MGEL4,RPMG3","TXRX3,NORD3,AZEV4,CTKA4,SOND6,COCE3,PINE4,HBOR3,DTCY3,LOGN3"
M0,2019-08-19,2019-08-26,4.907340478946612,-0.3545578047077618,5.261898283654373,"TELB3,TELB4,TXRX4,TXRX3,BAUH4,MRSA3B,AXIA6,FRIO3,BAZA3,AHEB3","TXRX3,MAPT4,AZEV4,CTKA4,DTCY3,RPMG3,LOGN3,MNPR3,CEBR6,BNBR3"
M0,2019-08-26,2019-09-02,3.7229721393938817,0.2605196762097532,3.4624524631841287,"HETA4,RPAD6,OIBR3,MWET4,ETER3,EMAE3,RPAD5,OIBR4,PPLA11,BPAC11","CTKA4,DTCY3,USIM6,JOPA3,AZEV4,HAGA3,AHEB3,AZEV3,RPMG3,CEBR6"
M0,2019-09-02,2019-09-09,1.1284703784815868,-0.8323679104681926,1.9608382889497795,"FICT3,BRSR5,CTKA3,MNPR3,UGPA3,LUPA3,BBAS3,PATI3,BIOM3,MGEL4","CTKA4,DTCY3,NORD3,AZEV4,AZEV3,HETA4,CEDO4,RPAD6,LOGN3,LPSB3"
M0,2019-09-09,2019-09-16,1.1082117576928234,-0.0031538287285721,1.1113655864213956,"PEAB4,PPLA11,BMIN4,ROMI3,BAZA3,BMEB3,MBRF3,UCAS3,POSI3,SUZB3","CTKA4,DTCY3,TELB3,RSUL4,RPMG3,CEDO4,BNBR3,LOGN3,TXRX4,HBOR3"
M0,2019-09-16,2019-09-23,5.552178740493159,0.4823982268816639,5.069780513611495,"EALT3,IRBR3,GPAR3,AFLT3,NORD3,FHER3,TXRX4,RPMG3,DASA3,ENMT4","TELB3,CTKA4,SOND5,NORD3,RSUL4,RPMG3,BAUH4,PPLA11,LOGN3,HBOR3"
M0,2019-09-23,2019-09-30,3.1360950755833747,-1.198511223878134,4.334606299461509,"GPAR3,AZEV3,AFLT3,HBTS5,OSXB3,RPAD3,CRPG3,RSUL4,PTNT4,CVCB3","CTKA4,TELB3,CEDO3,IRBR3,ENMT4,CEDO4,TXRX4,BNBR3,BSLI4,PPLA11"
M0,2019-09-30,2019-10-07,1.3861157135174231,-0.9065310907136894,2.2926468042311123,"RPAD6,BGIP3,MWET3,CTKA4,USIM6,WHRL4,WHRL3,RSUL4,BEEF3,MBRF3","USIM6,GPAR3,FRIO3,NORD3,BSLI4,ESTR4,BNBR3,ENMT4,PPLA11,CTKA3"
M0,2019-10-07,2019-10-14,2.983522548456499,-0.4196254130594862,3.403147961515985,"MERC4,EALT3,WLMM3,EUCA3,BGIP3,BDLL4,JHSF3,HBOR3,CEBR3,BPAC11","GPAR3,TELB3,NORD3,AFLT3,SNSY5,RSUL4,TXRX4,MBRF3,CTKA4,ENMT4"
M0,2019-10-14,2019-10-21,1.097186019919145,-0.024637256264864394,1.1218232761840095,"FHER3,SOND6,BALM4,TRIS3,RAPT3,AXIA3,PLAS3,BIOM3,SEER3,EZTC3","GPAR3,NORD3,BSLI4,AFLT3,MBRF3,RPAD6,CTKA4,BAUH4,CEDO4,CEBR3"
M0,2019-10-21,2019-10-28,2.067901529314017,0.09015731389355262,1.9777442154204645,"CTKA3,CTKA4,BALM4,AZEV3,BPAC5,AFLT3,SANB3,USIM6,INEP3,WHRL4","USIM6,GPAR3,TELB3,AFLT3,RPAD6,MBRF3,TXRX4,CEBR6,HBOR3,WLMM3"
M0,2019-10-28,2019-11-04,3.0011751104063245,-0.1293723997061129,3.130547510112437,"PSVM11,MRSA3B,TELB3,LUXM4,POSI3,JHSF3,LOGG3,UCAS3,TCSA3,WHRL4","TELB3,CTKA3,BAUH4,TXRX4,RPAD6,MBRF3,CEDO4,QUAL3,LOGN3,CTKA4"
M0,2019-11-04,2019-11-11,1.7203005391262796,-0.11947317681266628,1.8397737159389458,"OSXB3,DASA3,BIOM3,GFSA3,BAUH4,MRSA3B,BRSR5,WEGE3,BEEF3,ENEV3","SOND5,MERC4,TELB3,PSVM11,EALT3,AFLT3,MRSA3B,BAUH4,CEAB3,WLMM3"
M0,2019-11-11,2019-11-18,1.3001660468494542,0.041334284036867806,1.2588317628125865,"WLMM4,WLMM3,EUCA4,HBTS5,ESTR4,CLSC4,POSI3,ETER3,ANIM3,HAGA3","PSVM11,AFLT3,MRSA3B,WLMM3,BAUH4,RPAD6,LUXM4,TELB4,TXRX4,CEBR6"
M0,2019-11-18,2019-11-25,1.354602837002246,0.0474079886753156,1.3071948483269304,"POSI3,BOBR4,GGBR3,HAGA3,EUCA3,TCSA3,USIM5,BEEF3,CTKA3,BSLI3","AFLT3,JOPA3,MSPA3,MERC4,DASA3,WLMM3,EALT3,PSVM11,CEBR5,MRSA3B"
M0,2019-11-25,2019-12-02,2.120015104144411,0.27612266960721343,1.8438924345371974,"EUCA3,WLMM3,DASA3,AZEV3,CTKA4,BEEF3,PRIO3,ENMT4,WLMM4,YDUQ3","GPAR3,CTKA3,AFLT3,DASA3,PSVM11,EALT3,WLMM3,POSI3,CEBR5,MRSA3B"
M0,2019-12-02,2019-12-09,3.387546310235589,-0.09014247147542176,3.477688781711011,"HAGA3,CGAS3,CGAS5,HAGA4,POSI3,AZEV4,CSUD3,RSID3,BPAC3,PFRM3","AFLT3,JOPA3,USIM6,MERC4,WLMM3,BMGB4,PSVM11,EALT3,RSUL4,POSI3"
M0,2019-12-09,2019-12-16,2.690040878664911,-0.027182052632000225,2.717222931296911,"FHER3,ETER3,EUCA3,RSID3,GFSA3,PFRM3,AZEV4,BIOM3,TASA4,PDGR3","WLMM3,AFLT3,USIM6,BSLI3,MERC4,EALT3,POSI3,PSVM11,CEEB5,MRSA3B"
M0,2019-12-16,2019-12-23,5.642610955036205,0.5873499189006551,5.05526103613555,"EUCA3,GSHP3,JFEN3,PSVM11,RNEW3,WHRL3,VIVR3,WHRL4,EQPA3,KEPL3","WLMM3,HBTS5,PSVM11,POSI3,EALT3,BMGB4,CGAS3,MRSA3B,HAGA3,CSUD3"
M0,2019-12-23,2019-12-30,2.1600244696446924,-0.15748822160828113,2.3175126912529738,"HETA4,RSID3,AZEV4,DOHL3,EKTR3,USIM6,SOND6,HAGA4,CEBR5,EKTR4","WLMM3,EUCA3,EQPA5,GSHP3,POSI3,BMIN4,PRIO3,CGAS3,CSUD3,MRSA3B"
M0,2019-12-30,2020-01-06,2.505027890008025,-0.39819508915308643,2.9032229791611117,"NUTR3,LUPA3,JFEN3,VIVR3,PFRM3,SAPR3,LOGN3,RPAD5,CSUD3,PRIO3","USIM6,EUCA3,EKTR3,PSVM11,EQPA7,DASA3,EQPA3,GSHP3,CEBR5,POSI3"
M0,2020-01-06,2020-01-13,9.503329248649859,3.868105754275998,5.635223494373861,"GSHP3,TXRX3,TXRX4,ETER3,CGAS3,CGAS5,JFEN3,CTNM3,BDLL4,BALM4","USIM6,WLMM3,PSVM11,EQPA3,GSHP3,POSI3,CEBR5,RSID3,EQPA5,PRIO3"
M0,2020-01-13,2020-01-20,5.098383179351727,2.016067752469788,3.0823154268819395,"JFEN3,BDLL4,PSVM11,RCSL3,HOOT4,EQPA6,EQPA3,CEDO3,CEDO4,EQPA7","USIM6,FRIO3,PSVM11,CGAS3,DASA3,JFEN3,POSI3,EQPA3,CTNM3,COCE3"
M0,2020-01-20,2020-01-27,1.8542621438982407,-1.2118865716639824,3.066148715562223,"OSXB3,BMIN3,PTNT3,CTSA3,PTNT4,RSID3,TASA3,JOPA3,ALPA3,CGRA4","GSHP3,PSVM11,EUCA3,EQPA7,CEBR6,RCSL3,AZEV4,EQPA5,CAMB3,CTNM3"
M0,2020-01-27,2020-02-03,1.5169600170163218,-0.3373975002699608,1.8543575172862825,"MTSA3,NUTR3,USIM6,PTNT3,BAUH4,ETER3,SHUL4,BMIN4,CEED3,CEBR5","GSHP3,EUCA3,DOHL3,BMIN3,EKTR3,PSVM11,JFEN3,EQPA3,RSID3,RCSL3"
M0,2020-02-03,2020-02-10,1.5167930552572189,-0.538900532819213,2.0556935880764318,"RANI3,CEGR3,BDLL4,HBTS5,CRPG3,BEES4,BMEB3,HETA4,EALT3,BEES3","GSHP3,TXRX3,BMIN3,EQPA3,WLMM3,PRIO3,RSID3,AZEV4,CEBR3,RCSL3"
M0,2020-02-10,2020-02-17,2.272643065644873,-0.28672738016519717,2.55937044581007,"FRIO3,RPAD6,PEAB3,SNSY5,SHUL4,MBRF3,CTKA3,CSUD3,LWSA3,BEEF3","BMIN3,SOND5,JOPA3,GSHP3,JFEN3,CGAS3,BDLL4,PSVM11,ETER3,EQPA3"
M0,2020-02-17,2020-02-26,1.3861897199119861,-0.4020091261198956,1.7881988460318818,"GPAR3,PNVL3,ESTR4,GSHP3,BSLI3,PEAB4,JOPA4,CTKA4,FESA3,CEGR3","GSHP3,TXRX3,FRIO3,JFEN3,CEGR3,PATI3,EUCA3,LWSA3,CGAS3,BDLL4"
M0,2020-03-02,2020-03-09,0.3902733910522768,-0.8785823999805341,1.2688557910328109,"TXRX3,JOPA3,FESA3,RNEW3,DASA3,PNVL3,DOHL4,AADA39,ACWX39,ADMF3","GSHP3,BMIN3,SOND6,DASA3,CGAS3,BDLL4,PATI3,RSID3,EKTR3,CGAS5"
M0,2020-04-13,2020-04-20,2.903827599881635,-0.15912823394471468,3.06295583382635,"EQPA5,MRSA3B,PPLA11,RCSL3,POMO4,OIBR3,POMO3,BRKM3,BRKM5,MYPK3","DASA3,PNVL3,LUXM4,WEGE3,REDE3,BALM4,CEBR5,OSXB3,PEAB4,BAUH3"
M0,2020-04-20,2020-04-27,2.5872824752760644,-0.2976409015508961,2.8849233768269604,"EALT3,TELB4,TELB3,NUTR3,AZEV4,HETA4,MBRF3,BEEF3,CTKA4,AHEB3","PNVL3,REDE3,WEGE3,BAUH3,OSXB3,CEBR5,BSLI3,PPLA11,MRSA3B,BMEB3"
M0,2020-05-04,2020-05-11,1.970931290677377,0.08839651995350672,1.8825347707238702,"NUTR3,KLBN4,KLBN3,LUPA3,KLBN11,RANI3,SUZB3,OSXB3,BRAP3,BIOM3","PPLA11,CEGR3,LUXM4,PEAB4,PNVL3,REDE3,MBRF3,PEAB3,LWSA3,AGRO3"
M0,2020-05-11,2020-05-18,1.8192678096897452,-0.265228196143768,2.0844960058335134,"AZEV4,BRKM5,MILS3,LIGT3,SGPS3,RENT3,PTNT4,PRIO3,UNIP5,BRKM3","PPLA11,LUXM4,LWSA3,PNVL3,REDE3,NUTR3,MRSA3B,CEDO3,MBRF3,SUZB3"
M0,2020-05-18,2020-05-25,2.348289652150675,0.023651514298221786,2.324638137852453,"AFLT3,MWET4,ECOR3,BPAC5,CYRE3,BPAC11,MTRE3,SBSP3,AMAR3,MYPK3","PPLA11,MRSA3B,LUXM4,LWSA3,REDE3,ALPK3,BALM3,PEAB4,SLCE3,AGRO3"
M0,2020-05-25,2020-06-01,3.155832656948459,0.1945588317834731,2.961273825164986,"CTKA4,BIOM3,CAMB3,PTBL3,CTKA3,USIM3,VLID3,USIM5,CSUD3,RPAD6","PPLA11,ALPK3,LUXM4,LWSA3,PEAB4,REDE3,CEDO3,SLCE3,MGLU3,VALE3"
M0,2020-06-01,2020-06-08,6.927490498389669,0.3570209114113919,6.570469586978277,"TCSA3,EALT3,AZEV3,SHOW3,JFEN3,CVCB3,AHEB5,HBOR3,BDLL4,IRBR3","PPLA11,MGLU3,LUXM4,ALPK3,LWSA3,PEAB4,REDE3,CEDO3,FESA4,CAML3"
M0,2020-06-08,2020-06-15,4.422108979789058,-0.08007613081668,4.502185110605738,"TXRX3,EUCA3,AZEV3,TXRX4,NUTR3,FRIO3,TELB3,TELB4,MSPA3,AZEV4","LUXM4,LWSA3,MGLU3,PEAB4,REDE3,ALPK3,PPLA11,EALT3,BRSR5,HBTS5"
M0,2020-06-15,2020-06-22,7.215074763446004,0.3186628763985923,6.896411887047411,"MERC3,TXRX3,HETA4,MAPT4,TXRX4,CEDO3,MERC4,OSXB3,CEDO4,CTNM3","LWSA3,LUXM4,MGLU3,PEAB4,REDE3,ALPK3,TCSA3,FESA3,EALT3,CVCB3"
M0,2020-06-22,2020-06-29,3.040810154062767,0.8871922362210976,2.1536179178416694,"BSLI3,NORD3,MWET4,TELB3,LWSA3,FRIO3,HAGA3,PNVL3,MAPT4,RNEW4","TCSA3,LWSA3,BALM3,MGLU3,LUXM4,BRSR5,PEAB4,REDE3,COCE3,BSLI3"
M0,2020-06-29,2020-07-06,2.652307437563139,-0.4561942023693052,3.1085016399324443,"SNSY5,MDNE3,MILS3,JHSF3,MEAL3,HAGA4,JSLG3,MOVI3,CTKA3,BGIP4","LWSA3,MGLU3,LUXM4,PEAB4,REDE3,BRSR5,CTSA4,TCSA3,FRIO3,FESA3"
M0,2020-07-06,2020-07-13,3.412649603476025,-0.0349414286518053,3.4475910321278307,"HBTS5,PSVM11,RANI3,PFRM3,EALT4,OSXB3,CLSC3,SNSY5,RSUL4,COGN3","TCSA3,MGLU3,BRSR5,PEAB4,REDE3,FRIO3,SOND6,MAPT4,NUTR3,AZEV3"
M0,2020-07-13,2020-07-20,6.022078373563154,0.10360028628003758,5.918478087283117,"MWET3,MWET4,BALM3,SNSY5,DOHL3,ETER3,BALM4,MNPR3,MAPT4,BDLL4","TCSA3,MGLU3,LUXM4,PEAB4,REDE3,MERC3,NUTR3,AZEV3,TELB3,JHSF3"
M0,2020-07-20,2020-07-27,1.8877849980264345,-0.5840550444548562,2.4718400424812907,"OIBR3,BPAC3,WLMM3,FICT3,OIBR4,CEBR3,WEGE3,RPAD3,CTKA3,UNIP6","COCE3,TCSA3,MGLU3,LUXM4,PEAB4,REDE3,HBTS5,BALM3,MAPT4,AZEV3"
M0,2020-07-27,2020-08-03,2.2038747817610003,-0.3939044414987982,2.5977792232597983,"BSLI4,LUXM4,OIBR4,TELB4,PATI4,PATI3,CEBR6,LWSA3,LOGG3,UCAS3","TCSA3,MGLU3,REDE3,PEAB4,BRSR5,MWET3,FRIO3,HBTS5,BALM3,CEBR5"
M0,2020-08-03,2020-08-10,2.673723855898969,-0.0625560773664604,2.736279933265429,"DOHL3,GPAR3,SOND5,HBTS5,PSVM11,NUTR3,PRIO3,CEDO3,MWET3,KLBN11","MWET3,COCE3,SOND6,LUXM4,MGLU3,REDE3,PEAB4,TCSA3,FRIO3,CEBR5"
M0,2020-08-10,2020-08-17,2.3309005125900755,-0.3451660471499378,2.676066559740013,"HBOR3,MBRF3,KLBN3,KLBN11,KLBN4,PEAB3,PPLA11,SUZB3,HETA4,NUTR3","MWET3,MGLU3,REDE3,PEAB4,TCSA3,HBTS5,TELB3,AZEV3,MWET4,WLMM3"
M0,2020-08-17,2020-08-24,7.064357500188431,0.4548614199287872,6.609496080259644,"SNSY3,BSLI3,SNSY5,NUTR3,SNSY6,MRSA3B,CSUD3,COCE3,ESTR4,RANI3","MWET3,TCSA3,MGLU3,REDE3,PEAB4,HBOR3,AZEV3,OIBR3,OIBR4,LWSA3"
M0,2020-08-24,2020-08-31,2.5530121654555296,0.4188502957572402,2.134161869698289,"TXRX3,NUTR3,AHEB3,EKTR3,BGIP3,BMIN3,PTNT3,AXIA5,HBTS5,TXRX4","MWET3,TCSA3,FRIO3,MGLU3,REDE3,PEAB4,TXRX3,HBOR3,MAPT4,AZEV3"
M0,2020-08-31,2020-09-08,4.759672716397511,-0.36021133704961705,5.119884053447128,"BSLI4,BDLL4,RSUL4,TASA3,OIBR4,LPSB3,TASA4,HAGA3,PTBL3,ETER3","MWET3,HBOR3,MGLU3,TCSA3,REDE3,SNSY3,TXRX3,COCE3,MAPT4,DOHL3"
M0,2020-09-08,2020-09-14,1.1943106520152347,-0.1185245825685739,1.3128352345838086,"CASN3,PCAR3,RCSL4,EUCA4,TXRX4,MYPK3,SNSY5,PTBL3,MGEL4,NORD3","SNSY3,MWET3,HBOR3,MGLU3,TCSA3,REDE3,RSUL4,COCE3,MAPT4,OIBR4"
M0,2020-09-14,2020-09-21,1.340247819637555,-0.6905999296598088,2.030847749297364,"BALM4,SOND6,BMEB3,BALM3,TXRX3,ETER3,SOND5,PEAB3,HBTS5,AXIA5","SNSY3,HBOR3,MGLU3,REDE3,TCSA3,JOPA3,DOHL3,MWET4,LWSA3,WLMM3"
M0,2020-09-21,2020-09-28,1.8184769224604902,-0.39203593373036877,2.210512856190859,"IRBR3,CEBR6,CEBR3,FICT3,NUTR3,ROMI3,MDNE3,PATI3,FESA3,PEAB4","SNSY3,MWET3,SOND6,HBOR3,MGLU3,REDE3,BRSR5,TCSA3,SOND5,HBTS5"
M0,2020-10-05,2020-10-13,3.1840111355209433,0.1519783906858454,3.0320327448350977,"OSXB3,RNEW3,ETER3,MDNE3,CAMB3,LPSB3,JOPA4,MGLU3,LIGT3,RCSL4","SNSY3,MGLU3,REDE3,TCSA3,MWET3,DOHL3,HBTS5,HBOR3,CEBR6,CURY3"
M0,2020-10-13,2020-10-19,2.6908476714029197,-1.633474211939568,4.3243218833424875,"CEDO4,CEDO3,RCSL3,AZEV4,USIM6,RNEW4,CTSA3,RCSL4,BPAC5,ETER3","SNSY3,DOHL3,SOND5,MGLU3,REDE3,TCSA3,HBOR3,CEBR5,JOPA3,CEBR3"
M0,2020-10-19,2020-10-26,2.0279204639603194,-0.2614951212039184,2.289415585164238,"CRPG3,NORD3,JOPA3,CEED3,AZEV3,TELB4,CBEE3,OSXB3,UNIP5,SANB4","SOND6,CEBR5,DOHL3,REDE3,TCSA3,HBOR3,CEBR6,ETER3,LUXM4,EKTR3"
M0,2020-10-26,2020-11-03,1.000141084836767,-0.4661591106786649,1.4663001955154318,"RCSL3,ETER3,TUPY3,FHER3,LUXM4,FESA3,SEQL3,TPIS3,BALM4,CEBR5","HBOR3,CEBR5,TCSA3,MERC3,USIM6,OSXB3,CRPG3,ETER3,CEBR6,LUXM4"
M0,2020-11-03,2020-11-09,2.238351103793557,0.4559070957393951,1.782444008054162,"MULT3,SHOW3,INEP4,CVCB3,LREN3,MEAL3,TPIS3,TFCO4,EKTR3,UGPA3","HBOR3,SOND6,CEBR5,DOHL3,REDE3,TCSA3,BRSR5,SOND5,OSXB3,CEBR6"
M0,2020-11-09,2020-11-16,2.221392008347987,-0.12390967909934723,2.3453016874473342,"PEAB4,PEAB3,EQPA5,MERC3,SOND5,TAEE4,SEQL3,SANB4,TAEE3,UNIP5","CEBR5,REDE3,DOHL3,TFCO4,HBOR3,EKTR3,OSXB3,ETER3,CEBR6,PTBL3"
M0,2020-11-16,2020-11-23,2.35736458080358,-0.054698592889016615,2.4120631736925966,"TELB3,RCSL3,PRIO3,CTKA4,TELB4,OIBR4,ETER3,TASA4,RPAD5,JOPA3","TFCO4,CEBR5,DOHL3,REDE3,NUTR3,SNSY3,EKTR3,OSXB3,AERI3,CEBR6"
M0,2020-11-23,2020-11-30,3.993913862436768,1.852639990285076,2.1412738721516917,"OSXB3,RCSL3,RNEW3,DOHL3,TASA3,TASA4,GSHP3,RNEW4,INEP4,INEP3","USIM6,SOND6,CEBR5,TFCO4,DOHL3,REDE3,BSLI4,AURA33,OSXB3,RCSL3"
M0,2020-11-30,2020-12-07,1.8892156080169225,0.368443542898565,1.5207720651183574,"RCSL3,TASA3,CGAS3,CEBR5,DASA3,TASA4,RNEW4,BRKM6,MAPT4,SHOW3","USIM6,CEBR5,MERC3,REDE3,OSXB3,RCSL3,ETER3,CEBR6,SEQL3,AURA33"
M0,2020-12-07,2020-12-14,3.361430718646325,0.13410255442766297,3.227328164218662,"MGEL4,CTKA3,TPIS3,TXRX3,CASH3,SHOW3,EMAE4,ROMI3,CEDO3,BRAV3","OSXB3,CEBR5,MERC3,REDE3,SOND5,RCSL3,ETER3,CEBR6,TASA3,BRAV3"
M0,2020-12-14,2020-12-21,2.0792053709608105,-0.08498754038225409,2.1641929113430645,"INEP3,MERC3,INEP4,ENGI3,CRPG3,ENJU3,CRPG5,CASH3,CRPG6,CSNA3","CEBR5,REDE3,JOPA4,RDOR3,OSXB3,RCSL3,BRAV3,FESA3,ETER3,CASH3"
M0,2020-12-21,2020-12-28,2.295163472385745,0.6773381511685699,1.617825321217175,"NGRD3,PDTC3,BALM3,PPLA11,MWET3,AERI3,AXIA5,PRIO3,BRSR5,CEED3","MERC3,CEBR5,REDE3,BRSR5,NGRD3,OSXB3,RCSL3,BRAV3,CASH3,CRPG3"
M0,2020-12-28,2021-01-04,2.813430839533593,0.072232637443774,2.7411982020898193,"INEP4,INEP3,EKTR3,EMAE4,PFRM3,TXRX3,ROMI3,CBEE3,EKTR4,DOHL4","OSXB3,MERC3,CEBR5,BRSR5,REDE3,RCSL3,BRAV3,MWET3,TKNO4,CASH3"
M0,2021-01-04,2021-01-11,4.605149227428752,0.23771861660412608,4.367430610824626,"NORD3,DOHL3,RSID3,AZEV4,PSVM11,CASH3,RPAD3,MERC3,EKTR3,DASA3","RCSL3,OSXB3,CEBR5,REDE3,NGRD3,TKNO4,BRAV3,CASH3,AERI3,PRIO3"
M0,2021-01-11,2021-01-18,4.662671422408948,1.6027524392904324,3.059918983118516,"GPAR3,INEP4,INEP3,DASA3,FHER3,FRIO3,NGRD3,EALT3,AZEV3,PTNT3","NGRD3,RCSL3,OSXB3,CEBR5,REDE3,FESA3,INEP3,INEP4,MAPT4,CTKA3"
M0,2021-01-18,2021-01-26,2.5068611674938492,-0.6275381960339479,3.1343993635277974,"ODER4,PSVM11,RSID3,GPAR3,PDGR3,NORD3,TXRX3,PTBL3,ETER3,BEGE39","RCSL3,OSXB3,MERC3,CEBR5,REDE3,INEP3,INEP4,NORD3,CRPG3,CASH3"
M0,2021-02-01,2021-02-08,2.3942771115747554,0.6311302464462337,1.7631468651285216,"MERC3,INEP4,BPAC5,INEP3,BSLI4,AZEV4,BMIN3,GFSA3,LWSA3,AHEB6","OSXB3,MERC3,SOND6,REDE3,SOND5,VAMO3,NGRD3,EKTR3,INEP3,NORD3"
M0,2021-02-08,2021-02-17,1.8163736624149724,-0.25257593106472775,2.0689495934797,"MRSA3B,ROMI3,TASA4,TECN3,TASA3,KEPL3,WLMM4,TOTS3,BMEB4,PATI4","VAMO3,SOND6,OSXB3,CEBR5,REDE3,INEP3,INEP4,NORD3,DASA3,CASH3"
M0,2021-02-17,2021-02-22,0.8949156159813392,-0.2118802992393911,1.1067959152207303,"CTSA3,BALM4,FHER3,LWSA3,KLBN4,KLBN11,MGEL4,KLBN3,SEQL3,SUZB3","INEP3,NORD3,VAMO3,OSXB3,CEBR5,REDE3,CSED3,INEP4,DASA3,CRPG3"
M0,2021-03-08,2021-03-15,2.4353808394502594,0.2527541793181019,2.1826266601321573,"JOPA4,ENMT3,ETER3,PDGR3,CVCB3,POSI3,PLAS3,TASA4,CLSC4,TASA3","USIM6,INEP3,NORD3,INEP4,DASA3,FHER3,NGRD3,CRPG6,PRIO3,AXIA5"
M0,2021-03-15,2021-03-22,1.9589384369384586,0.19091601707514622,1.7680224198633123,"MNPR3,POSI3,EQPA7,MILS3,PATI4,LEVE3,PCAR3,LUPA3,UNIP6,AURA33","USIM6,INEP3,NORD3,INEP4,DASA3,NGRD3,AXIA5,PRIO3,CASH3,FHER3"
M0,2021-03-22,2021-03-29,2.7197055663025824,0.056016066953685405,2.663689499348897,"LUPA3,PTNT3,HAGA4,JOPA4,FESA3,CEBR3,AZEV4,ETER3,PCAR3,BRKM3","USIM6,INEP3,NORD3,DASA3,AXIA5,NGRD3,CASH3,ENMT4,CRPG3,INEP4"
M0,2021-03-29,2021-04-05,2.9163073526808385,0.6460049663108214,2.270302386370017,"FICT3,ESTR4,CEED3,JOPA4,CASH3,TPIS3,CSUD3,PTNT3,CRPG3,AVLL3","NORD3,INEP3,DASA3,CASH3,NGRD3,INEP4,PTNT3,FHER3,ROMI3,PATI3"
M0,2021-04-05,2021-04-12,3.107645530555993,-0.657764694357262,3.7654102249132553,"CBEE3,BDLL3,PLAS3,POSI3,LUPA3,BRKM6,EQPA3,CASH3,DOHL3,MNPR3","NORD3,ENMT4,DASA3,CASH3,NGRD3,JOPA4,NUTR3,CRPG3,SBFG3,FHER3"
M0,2021-04-12,2021-04-19,2.5129009104267848,0.7258398348368776,1.7870610755899072,"PMAM3,FRIO3,FHER3,ROMI3,POSI3,MNPR3,LOGN3,AZEV4,PTBL3,HETA4","ENMT4,SBFG3,CASH3,NGRD3,NORD3,FICT3,FHER3,PTNT3,POSI3,BRKM5"
M0,2021-04-19,2021-04-26,3.078810679870965,-0.13433116935117442,3.2131418492221395,"RPMG3,SOND3,MWET4,USIM6,PDTC3,RSID3,ETER3,COCE3,EUCA4,INEP4","ENMT4,SBFG3,CASH3,NORD3,NGRD3,CBEE3,FICT3,POSI3,FHER3,BRKM5"
M0,2021-04-26,2021-05-03,2.8451941113328387,0.6592663282008759,2.185927783131963,"MWET4,INEP4,TECN3,INEP3,PATI4,FHER3,TPIS3,PATI3,VIVR3,CASH3","SBFG3,CASH3,NORD3,NGRD3,USIM6,LUPA3,CRPG3,POSI3,FHER3,PATI4"
M0,2021-05-10,2021-05-17,2.875833030671814,0.10461597571964179,2.771217054952172,"PATI4,VIVR3,PATI3,NUTR3,AHEB6,MNDL3,LEVE3,GGPS3,ETER3,RPMG3","ENMT4,SBFG3,CASH3,NORD3,NGRD3,FHER3,CXSE3,TPIS3,FICT3,PATI3"
M0,2021-05-17,2021-05-24,2.0798703811120576,-0.03708126691206168,2.116951648024119,"BRKM6,MGEL4,RSUL4,FHER3,MYPK3,INEP4,BMOB3,ESTR4,MNDL3,ETER3","ENMT4,SBFG3,NGRD3,NUTR3,FHER3,CXSE3,ETER3,VIVR3,POSI3,SOJA3"
M0,2021-05-24,2021-05-31,2.388506007869007,0.2051701486556355,2.183335859213371,"MTSA3,BGRT39,WEST3,AHEB3,BMIN3,MGEL4,POSI3,AMAR3,UNIP5,SGPS3","USIM6,ENMT4,CXSE3,SBFG3,NORD3,NGRD3,COCE3,FHER3,LUPA3,PLAS3"
M0,2021-05-31,2021-06-07,3.3644132549623382,0.3416372284160566,3.0227760265462815,"CTSA4,MNPR3,AHEB6,ESTR4,AZEV4,CTSA3,FHER3,AZEV3,LEVE3,HAGA4","FHER3,COCE3,ENMT4,CXSE3,SBFG3,NORD3,NGRD3,PATI3,LUPA3,PLAS3"
M0,2021-06-07,2021-06-14,3.346278320849717,-0.030166492542497144,3.376444813392214,"HBTS5,JFEN3,MNDL3,BDLL4,WLMM3,CRPG3,BOBR4,INEP4,ESTR4,DTCY3","PATI3,USIM6,ENMT4,SBFG3,CXSE3,NORD3,NGRD3,FHER3,POSI3,RSUL4"
M0,2021-06-14,2021-06-21,2.1139929553271393,-0.003765364766133785,2.117758320093273,"VIVR3,ALLD3,AHEB6,PTBL3,BRAV3,BALM4,IFCM3,SHOW3,PATI4,LJQQ3","USIM6,SBFG3,ENMT4,NORD3,NGRD3,CRPG3,RSUL4,LUPA3,PLAS3,MWET4"
M0,2021-07-12,2021-07-19,1.5150646988358931,0.5853443532572024,0.9297203455786908,"CRPG3,NORD3,ESTR4,EMAE4,AZEV4,HETA4,AVLL3,MOAR3,RSID3,AHEB3","CRPG3,PATI3,ENMT4,SBFG3,NORD3,PATI4,ESTR4,HBTS5,RSUL4,BRBI11"
M0,2021-07-19,2021-07-26,1.6860544072699382,0.515845389498428,1.1702090177715103,"RSUL4,CASH3,EKTR4,BRBI11,LUPA3,POSI3,MGEL4,INEP3,CXSE3,PLAS3","ENMT4,SBFG3,EQPA5,MWET4,RSUL4,HBTS5,MNDL3,MGEL4,MOAR3,INEP4"
M0,2021-07-26,2021-08-02,1.5114301571331559,-0.2736037884921855,1.7850339456253415,"RSUL4,AMBP3,MAPT4,ALPA4,CLSC3,PATI3,SHUL4,FIQE3,INTB3,ALPA3","MWET4,PATI3,PATI4,ENMT4,SBFG3,MGEL4,BRBI11,MOAR3,CASH3,PLAS3"
M0,2021-08-02,2021-08-09,1.181604130378355,-0.1086503829852284,1.2902545133635834,"RSUL4,CLSC3,BRBI11,WEST3,EKTR3,BPAC5,LUPA3,PTNT3,UNIP5,PATI3","EQPA5,PATI4,HBTS5,MWET4,MGEL4,SBFG3,COCE3,JOPA4,FIQE3,MNDL3"
M0,2021-08-09,2021-08-16,0.9684145799251523,-0.7829687442596859,1.7513833241848382,"MATD3,AALR3,CGRA3,FRIO3,VVEO3,CEED3,ENMT3,EUCA4,CGRA4,BFXI39","MWET4,HBTS5,MGEL4,SBFG3,COCE3,RSUL4,BRBI11,AHEB3,MNDL3,AMBP3"
M0,2021-08-16,2021-08-23,1.77924651677981,0.0903058430738375,1.6889406737059725,"AALR3,FHER3,CVCB3,INEP4,AERI3,CMIG3,INEP3,JFEN3,AMBP3,AZEV4","MWET4,HBTS5,ENMT4,SBFG3,PATI4,CLSC3,VVEO3,MOAR3,MNDL3,CRPG6"
M0,2021-08-23,2021-08-30,2.081702092221777,0.33303719871100246,1.7486648935107745,"EQPA7,OPCT3,FHER3,TECN3,PSVM11,POSI3,ORVR3,SHOW3,AMBP3,ALPK3","EQPA5,HBTS5,MWET4,ENMT4,SBFG3,AMBP3,VVEO3,BRBI11,MOAR3,ALLD3"
M0,2021-08-30,2021-09-06,1.1077707058764312,-2.1480484630735015,3.255819168949933,"EQPA7,ESTR4,CBAV3,HBRE3,NUTR3,TFCO4,ONCO3,TECN3,CTKA4,EALT4","HBTS5,MWET4,ENMT4,SBFG3,ESTR4,RSUL4,EQPA7,VVEO3,BRBI11,MOAR3"
M0,2021-09-13,2021-09-20,1.760164707512853,-0.5703100535181733,2.3304747610310264,"PTNT3,LOGN3,RCSL3,CEBR5,PTNT4,CEBR3,CEBR6,AERI3,WLMM4,MNDL3","MWET4,SBFG3,COCE3,JOPA4,AMBP3,MOAR3,EKTR3,BRBI11,FESA4,ENMT3"
M0,2021-09-20,2021-09-27,2.206603583933801,0.1316642931053458,2.074939290828455,"LUPA3,RECV3,RPMG3,MWET4,FHER3,PRIO3,PMAM3,DEXP4,DESK3,EKTR3","ENMT4,SBFG3,MWET4,PATI4,MOAR3,AMBP3,ENMT3,VVEO3,LAND3,PTNT4"
M0,2021-09-27,2021-10-04,1.0166753170896945,-0.0681892022249604,1.0848645193146549,"BRAV3,CGAS3,PRIO3,SLCE3,TECN3,FIQE3,PTNT3,VULC3,DESK3,SNSY5","MOAR3,ENMT4,HBTS5,SBFG3,FHER3,PTNT3,CGRA3,ENMT3,FESA4,CGRA4"
M0,2021-10-04,2021-10-11,1.5023614715972065,0.04216587084345315,1.4601956007537533,"CRPG5,RANI3,NORD3,ARML3,AMER3,LAND3,CRPG6,SEQL3,HOOT4,TECN3","FHER3,MOAR3,ENMT4,SBFG3,PATI4,USIM6,EQPA7,PTNT3,MBRF3,CGRA4"
M0,2021-10-11,2021-10-18,2.9244921330617593,-0.07235346242341739,2.9968455954851767,"PDGR3,GPAR3,INEP4,INEP3,TRAD3,CXSE3,OIBR3,LAVV3,PDTC3,CRPG6","FHER3,ENMT4,MOAR3,HBTS5,SBFG3,COCE3,PTNT3,PRIO3,MBRF3,LAND3"
M0,2021-10-18,2021-10-25,1.1735203547459188,-0.9920753687136609,2.1655957234595795,"LUPA3,AALR3,PEAB4,HETA4,WLMM3,RPAD5,BEFG39,BIXG39,BOEF39,BSUS39","FHER3,ENMT4,MOAR3,HBTS5,SBFG3,GPAR3,PTNT3,CGRA4,CGRA3,TECN3"
M0,2021-10-25,2021-11-01,1.0068008226680476,-0.37466883138802387,1.3814696540560716,"HAGA3,SNSY3,ABEV3,EUCA3,BICL39,SYNE3,CEDO3,SCAR3,TEND3,BEEF3","FHER3,MOAR3,HBTS5,SBFG3,COCE3,VBBR3,BKYY39,PRIO3,LAND3,CGRA3"
M0,2021-11-16,2021-11-22,1.158577288788117,-0.5162255659322086,1.6748028547203255,"AALR3,SNSY3,AHEB5,FIQE3,EPAR3,BSLI4,SNSY5,BSLI3,SBFG3,IFCM3","MOAR3,HBTS5,TKNO4,FHER3,PTNT3,LAND3,BKYY39,LOGN3,PRIO3,VITT3"
M0,2021-11-22,2021-11-29,1.8778621314644144,-0.17317508990933683,2.0510372213737513,"OSXB3,INEP3,FRIO3,INEP4,COCE5,RCSL3,TRAD3,BPAC5,LIGT3,PETR4","EQPA5,MOAR3,PTNT3,LAND3,LOGN3,VITT3,SYNE3,AGXY3,BKYY39,PTNT4"
M0,2021-11-29,2021-12-06,1.885852694910453,-0.0782105508326627,1.9640632457431157,"BRKM3,BRKM5,HAGA3,ANIM3,CRPG5,ETER3,BRAV3,TGMA3,DIRR3,DEXP3","ENMT4,MOAR3,COCE3,PTNT3,LOGN3,LAND3,VITT3,RPAD5,SYNE3,MBRF3"
M0,2021-12-06,2021-12-13,2.5874422541121214,0.1231038862302786,2.464338367881843,"BMEB4,AVLL3,ONCO3,ARML3,PDTC3,SEQL3,CASH3,HAGA3,FHER3,AZEV3","PTNT3,MOAR3,PATI4,AALR3,BRSR5,HAGA3,LOGN3,SYNE3,CAMB3,LAND3"
M0,2021-12-13,2021-12-20,4.161985074705238,-1.0548938938852592,5.216878968590497,"IGTI3,BMEB3,CEED3,AZEV3,AZEV4,PDTC3,TKNO4,BEEF3,AMER3,WLMM4","PTNT3,ENMT4,MOAR3,HBTS5,LOGN3,AALR3,SYNE3,VITT3,LAND3,ARML3"
M0,2021-12-20,2021-12-27,1.187566403119569,-0.4492197137394221,1.636786116858991,"BSLI3,RCSL3,SLCE3,IFCM3,MGEL4,BGIP3,FESA3,CBAV3,RECV3,ETER3","HAGA3,UNIP5,VITT3,LAND3,UNIP6,AHEB3,BMEB3,PEAB3,ARML3,UNIP3"
M0,2021-12-27,2022-01-03,8.329200255350402,0.1023346981175301,8.226865557232871,"SNSY5,CEBR5,CEBR6,UNIP6,JFEN3,HAGA3,CTKA3,ALLD3,CAML3,RCSL3","HAGA3,VITT3,ENMT4,HBTS5,JOPA4,BMEB3,LAND3,ARML3,FESA3,AHEB3"
M0,2022-01-10,2022-01-17,1.8201959341238454,-0.3701277664067864,2.190323700530632,"MDNE3,BSLI4,PLAS3,IGTI3,EUCA3,CRPG5,CEED3,DOTZ3,CURY3,SHOW3","JOPA4,SNSY5,HAGA3,UNIP5,UNIP6,VITT3,AGXY3,BRKM6,EALT4,SUZB3"
M0,2022-01-17,2022-01-24,1.5804339933722689,-0.001721260676146896,1.5821552540484158,"PDGR3,MATD3,GUAR3,BPAC3,OIBR3,CURY3,JHSF3,CSED3,AMER3,TCSA3","SNSY5,CEBR5,CEBR6,HAGA3,UNIP5,UNIP6,AGXY3,SUZB3,CEED3,PETR3"
M0,2022-01-24,2022-01-31,2.225706768359858,0.1804316393955203,2.045275128964338,"SHOW3,EPAR3,DESK3,VITT3,TECN3,BPAC3,SGPS3,CTKA4,SEQL3,GGPS3","SNSY5,CEBR5,EQPA5,CEBR6,BRKM6,HAGA3,UNIP5,UNIP6,AGXY3,RECV3"
M0,2022-01-31,2022-02-07,1.8147132853946246,0.14728282794202818,1.6674304574525964,"PPLA11,TRAD3,BSLI4,TKNO4,VALE3,BRKM5,BRAP4,CEED3,BRAP3,HAGA4","SNSY5,CEBR5,CEBR6,CEED3,HAGA3,UNIP6,VITT3,RECV3,AGXY3,CMIN3"
M0,2022-02-07,2022-02-14,1.7801217686941826,0.05556805008732249,1.72455371860686,"CTSA3,NORD3,EPAR3,EKTR3,CBAV3,WLMM4,TXRX4,PTNT3,RPAD5,EMAE4","SNSY5,CEBR5,PATI4,UNIP5,HAGA3,UNIP6,AGXY3,CBAV3,VALE3,PPLA11"
M0,2022-02-14,2022-02-21,1.2184860127205595,-0.3149138617242926,1.533399874444852,"CTNM3,TKNO4,BALM3,DTCY3,SBSP3,WLMM4,PATI3,EQPA3,TOTS3,JSLG3","SNSY5,CEBR5,TXRX3,HAGA3,CBAV3,UNIP6,RECV3,BSLI4,VALE3,LPSB3"
M0,2022-02-21,2022-03-02,1.5631481098087217,0.6820327833214406,0.8811153264872811,"CEGR3,FHER3,VALE3,BEEF3,SOJA3,AGRO3,OSXB3,KEPL3,AERI3,PCAR3","SNSY5,CEBR5,PATI4,CEBR6,HAGA3,CBAV3,KEPL3,UNIP6,RECV3,BSLI4"
M0,2022-03-02,2022-03-07,1.0863515758746745,0.06203845099611984,1.0243131248785546,"HAGA3,LAND3,SLCE3,BRAP4,PEAB4,AURA33,BRAP3,OFSA3,DTCY3,SYNE3","CEBR5,USIM6,SNSY5,DOHL3,CBAV3,HAGA3,AVLL3,UNIP5,KEPL3,SEQL3"
M0,2022-03-07,2022-03-14,1.3528805624881428,-0.3934686970648944,1.7463492595530372,"BBDC4,QUAL3,BBDC3,JOPA3,SANB11,SANB3,LPSB3,GRND3,CAMB3,SANB4","CEBR5,SNSY5,BMEB3,CEBR6,BMEB4,BIYE39,KEPL3,CBAV3,RECV3,TTEN3"
M0,2022-03-14,2022-03-21,2.068096570466672,0.07379191164992478,1.994304658816747,"CVCB3,HBTS5,BMOB3,VIVR3,SHOW3,ESPA3,LUPA3,SMFT3,TECN3,ALPA3","CEBR5,JOPA4,SNSY5,CEBR6,CBAV3,LPSB3,KEPL3,UNIP6,BSLI4,SLCE3"
M0,2022-03-21,2022-03-28,3.1476801821176026,0.20787096212746745,2.9398092199901353,"DOTZ3,PDGR3,MGEL4,TFCO4,ESPA3,SHOW3,TELB3,VIVR3,COGN3,LJQQ3","SNSY5,CEBR5,BMEB3,CEBR6,UNIP5,CBAV3,LPSB3,BRAP4,UNIP6,KEPL3"
M0,2022-03-28,2022-04-04,1.6402089204336734,-0.051877484978130314,1.6920864054118037,"BALM4,EUCA3,CTKA4,FICT3,PRNR3,GFSA3,EUCA4,SBSP3,BAZA3,SOND6","SNSY5,CEBR5,BMEB3,ENMT4,CBAV3,LPSB3,RECV3,UNIP6,KEPL3,BRAP3"
M0,2022-04-04,2022-04-11,1.0412119354677252,-0.165830878511592,1.2070428139793172,"SOND5,MNPR3,SOND6,CEGR3,SNSY3,BMEB3,JOPA3,WLMM3,DOTZ3,FHER3","CEBR5,EQPA5,SNSY5,TKNO4,SOND6,LPSB3,CBAV3,SHOW3,KEPL3,TECN3"
M0,2022-04-11,2022-04-18,0.9478356946692282,0.05944583211308819,0.88838986255614,"BMEB3,USIM6,EKTR4,BDLL3,AALR3,RECV3,UGPA3,PSVM11,TUPY3,DMVF3","ENMT4,CEBR5,SOND5,LPSB3,SNSY3,EKTR4,KEPL3,MILS3,SBSP3,BPAC3"
M0,2022-05-16,2022-05-23,1.7196886947895345,0.2556957973476779,1.4639928974418566,"LWSA3,TRAD3,IFCM3,CEBR6,ECOR3,CBAV3,SHOW3,OSXB3,VLID3,TXRX4","LAND3,ASAI3,SBSP3,SMTO3,VULC3,RECV3,BEEF3,CPFE3,AXIA3,AXIA6"
M0,2022-05-23,2022-05-30,1.5861066912811281,0.2026882129218418,1.3834184783592862,"CEED4,TRAD3,PLPL3,BRAV3,BEEF3,BURA39,RAIZ4,CSAN3,SCAR3,INEP4","LAND3,ASAI3,MGEL4,RECV3,DOTZ3,VAMO3,AXIA3,TRAD3,MILS3,AXIA6"
M0,2022-05-30,2022-06-06,1.3294746788152056,-0.09129239186255901,1.4207670706777646,"FESA3,MNDL3,BMTU39,BCHQ39,BFXI39,HBTS5,DOTZ3,BAZA3,FRAS3,FESA4","SOND5,LAND3,ASAI3,ENMT4,EQPA5,DOTZ3,TRAD3,LOGN3,CTKA4,RECV3"
M0,2022-06-06,2022-06-13,0.4814307501905581,-0.6732876548574798,1.154718405048038,"BIYG39,BURT39,BIAU39,MOAR3,QUAL3,BSLI4,CEEB3,FICT3,BLAU3,BCHI39","ASAI3,LAND3,ENMT4,DOTZ3,TRAD3,FESA3,RSUL4,TUPY3,MYPK3,LOGN3"
M0,2022-06-27,2022-07-04,0.8562772913388467,-0.660042655119375,1.5163199464582218,"SOND5,RSID3,RECV3,FLRY3,HAPV3,CAML3,DESK3,SCAR3,IFCM3,MRVE3","ENMT4,ASAI3,TRAD3,BCHQ39,BRSR5,DOTZ3,BLBT39,AXIA6,AXIA3,TUPY3"
M0,2022-07-04,2022-07-11,1.9950885263898193,-0.14820908382904951,2.1432976102188688,"TEND3,AMER3,MGLU3,MNDL3,AMAR3,SEER3,GFSA3,TCSA3,PLPL3,PTBL3","ENMT4,ASAI3,BCHQ39,MYPK3,DOTZ3,TUPY3,PEAB4,AXIA6,BCHI39,BLBT39"
M0,2022-07-11,2022-07-18,1.5095648549623004,-0.06465934209092582,1.5742241970532262,"ALPK3,CALI3,CSED3,SGPS3,RNEW4,PMAM3,GMAT3,BALM3,IFCM3,FIQE3","BCHQ39,ASAI3,ENMT4,MYPK3,TUPY3,PEAB4,CAML3,MDIA3,RNEW3,BCHI39"
M0,2022-07-18,2022-07-25,1.8985321210465367,0.10079171917249782,1.7977404018740388,"INEP4,INEP3,ESPA3,EALT3,PINE4,RDOR3,LWSA3,NGRD3,PDTC3,CALI3","BCHQ39,ASAI3,ENMT4,PATI4,RNEW4,RNEW3,BCHI39,PEAB4,DOTZ3,BFXI39"
M0,2022-07-25,2022-08-01,1.5665747834766974,0.0584668838680507,1.5081078996086468,"IFCM3,MWET4,LOGG3,RSID3,BHEF39,KEPL3,PDTC3,BLAU3,CEAB3,LJQQ3","BCHQ39,ASAI3,ENMT4,RNEW4,RNEW3,MDIA3,PTNT4,BFXI39,LOGN3,BLBT39"
M0,2022-08-01,2022-08-08,2.524954377626187,0.29402112276244213,2.2309332548637446,"TEND3,ENJU3,IFCM3,TCSA3,OIBR3,CASH3,OIBR4,HBTS5,LJQQ3,LWSA3","BCHQ39,ASAI3,PATI4,CEEB5,BGIP3,RNEW4,EKTR4,RNEW3,MDIA3,CMIG3"
M0,2022-08-08,2022-08-15,2.3762616367514613,0.28098826343464134,2.09527337331682,"SNSY5,MWET3,POSI3,CEAB3,MDIA3,TEND3,MGLU3,ARML3,LWSA3,USIM6","BCHQ39,ASAI3,AHEB3,IFCM3,RNEW4,LWSA3,RNEW3,MDIA3,PMAM3,FRAS3"
M0,2022-08-15,2022-08-22,1.4878173228680025,-0.6150006830005988,2.1028180058686012,"NORD3,EQPA7,DTCY3,GPAR3,TXRX4,PLAS3,BMKS3,EQPA3,MNPR3,BAZA3","BCHQ39,ASAI3,ENMT4,LWSA3,IFCM3,SGPS3,MNDL3,RNEW3,POSI3,PMAM3"
M0,2022-08-22,2022-08-29,2.2330507663152845,-0.10618541967778145,2.339236185993066,"FIGE3,EQPA5,PATI3,BDLL3,ANIM3,MGLU3,LAVV3,CVCB3,ENJU3,BNBR3","LWSA3,BCHQ39,ASAI3,RNEW4,MDIA3,JOPA3,MNDL3,RNEW3,POSI3,PLAS3"
M0,2022-08-29,2022-09-05,1.511081953902724,-0.11406683815010814,1.6251487920528322,"OSXB3,TEND3,CRPG3,JHSF3,PINE4,DIRR3,MWET4,CALI3,FESA3,PRNR3","LWSA3,ASAI3,BCHQ39,ENMT4,NUTR3,RNEW4,MDIA3,RSID3,GMAT3,CURY3"
M0,2022-09-05,2022-09-12,1.8808877075243224,0.11998580234662488,1.7609019051776975,"INEP3,INEP4,OSXB3,CALI3,PLPL3,PSVM11,RPAD6,CEEB5,AMER3,SNSY5","LWSA3,ASAI3,BCHQ39,ENMT4,AHEB3,MAPT3,TEND3,POSI3,DESK3,MDIA3"
M0,2022-09-12,2022-09-19,1.6321928291731476,0.014041248791305787,1.6181515803818418,"INEP3,INEP4,GSHP3,IGTI3,RPAD5,RPAD3,RPAD6,VITT3,LUPA3,FRIO3","LWSA3,ASAI3,BCHQ39,PATI4,CEEB5,CGAS3,MGLU3,POSI3,GMAT3,TEND3"
M0,2022-09-19,2022-09-26,3.2671795942616924,-0.028651398151071122,3.2958309924127636,"GFSA3,ROMI3,RNEW4,RNEW3,GPAR3,PLPL3,INEP3,LUPA3,INEP4,ALPK3","LWSA3,ASAI3,BCHQ39,SOND5,EQPA7,RPAD6,INEP3,INEP4,POSI3,GMAT3"
M0,2022-09-26,2022-10-03,2.119299161671932,0.1295426259119809,1.9897565357599512,"MWET3,SBSP3,EMAE4,IFCM3,CYRE3,HAGA3,BMEB3,LAVV3,DIRR3,CSMG3","LWSA3,ASAI3,ENMT4,BCHQ39,COCE3,GPAR3,INEP3,INEP4,POSI3,PLPL3"
M0,2022-10-03,2022-10-10,1.661165750049106,0.3727320322141536,1.2884337178349523,"EKTR3,DEXP3,CTKA3,MILS3,AHEB3,CEEB5,TTEN3,INEP3,BRKM6,INEP4","LWSA3,ASAI3,BCHQ39,SOND5,GFSA3,INEP3,INEP4,POSI3,MGLU3,PLPL3"
M0,2022-10-10,2022-10-17,1.6494467683818137,-0.2721588455719164,1.92160561395373,"BRKM6,BRKM5,G2DI33,PRNR3,HAGA3,DEXP3,BMGB4,PDTC3,GPAR3,DEXP4","LWSA3,ASAI3,ENMT4,GFSA3,GPAR3,INEP3,INEP4,POSI3,MILS3,MGLU3"
M0,2022-10-17,2022-10-24,0.9931596710421015,-0.6810776026429265,1.674237273685028,"CAML3,BPAC5,KEPL3,CPLE3,BRAV3,JSLG3,JOPA3,BMTU39,LOGN3,ONCO3","GFSA3,LWSA3,ASAI3,GPAR3,INEP3,INEP4,MILS3,BRKM6,POSI3,TCSA3"
M0,2022-10-24,2022-10-31,1.7903622901902352,0.14681864571622355,1.6435436444740117,"YDUQ3,CGAS3,SEER3,PSVM11,ANIM3,TEND3,JSLG3,VIVR3,WEGE3,IFCM3","GFSA3,LWSA3,ENMT4,POSI3,INEP3,TCSA3,MILS3,INEP4,PLPL3,PTBL3"
M0,2022-10-31,2022-11-07,1.4262301165801172,-0.2718959519365957,1.698126068516713,"OPCT3,BCHQ39,VIVR3,EQPA7,HBRE3,BCHI39,BFXI39,DEXP4,PDGR3,JALL3","GFSA3,USIM6,INEP3,INEP4,POSI3,MILS3,BNBR3,PINE4,BDLL3,PRIO3"
M0,2022-11-07,2022-11-14,1.5418738947812767,-0.7770460227539029,2.3189199175351796,"BRKM6,GGBR3,PLAS3,GGBR4,BURT39,VALE3,PSVM11,GOAU4,BICL39,BEFG39","GFSA3,INEP3,PLPL3,MILS3,MNDL3,GMAT3,PINE4,PRIO3,VITT3,POSI3"
M0,2022-11-14,2022-11-21,3.8831862178568413,-0.495802706346672,4.378988924203513,"CTSA4,CTSA3,CRPG5,CRPG6,CRPG3,OIBR3,BCWV39,BSOC39,FHER3,BEGE39","INEP3,ENMT4,MWET3,GFSA3,PRIO3,BRKM6,MNDL3,PINE4,MILS3,PLPL3"
M0,2022-11-28,2022-12-05,1.5374901949249995,-0.02482196408463197,1.5623121590096314,"TRAD3,PLAS3,LUPA3,SNSY3,CBAV3,WEST3,BCHQ39,LWSA3,PPLA11,FIQE3","SOND5,GFSA3,CTSA4,CTSA3,RPAD6,OSXB3,PINE4,RPAD3,INEP3,GOAU4"
M0,2022-12-05,2022-12-12,1.1324109494205257,-0.24868905950225628,1.381100008922782,"EMAE4,BMKS3,AVLL3,GSHP3,MEAL3,RCSL3,EKTR4,BIYG39,BIOM3,BUSM39","GFSA3,JOPA4,ENMT4,CTSA4,BRKM6,INEP3,INEP4,RPAD3,VALE3,MNDL3"
M0,2022-12-12,2022-12-19,1.360235954915633,-0.3808670282882483,1.7411029832038813,"HAGA3,OPCT3,QUAL3,ETER3,OIBR4,BMGB4,CASH3,ONCO3,CURY3,WEST3","GFSA3,CTSA4,ENMT4,EKTR3,CTSA3,EMAE4,GOAU4,GGBR4,GGBR3,GOAU3"
M0,2022-12-19,2022-12-26,2.501329730471512,0.27015226815068333,2.2311774623208285,"TELB4,IFCM3,VIVR3,MTSA4,ARML3,EMAE4,AZEV4,TRAD3,POMO3,SHOW3","GFSA3,CTSA4,CTSA3,EMAE4,RPAD6,HAGA3,MNDL3,BRAP4,GOAU4,PRIO3"
M0,2022-12-26,2023-01-02,2.7654937374108473,0.6140405246821751,2.151453212728672,"NORD3,GFSA3,PEAB4,WEST3,PEAB3,JFEN3,INEP3,RPMG3,BKSA39,SNSY3","CTSA4,JOPA4,ENMT4,GFSA3,CTSA3,MNDL3,RPAD6,FESA3,MEAL3,LEVE3"
M0,2023-01-02,2023-01-09,2.260637994309994,0.02881215737362726,2.2318258369363666,"GFSA3,LUPA3,PDGR3,AMER3,IFCM3,IRBR3,MTRE3,AZEV4,PRNR3,INEP3","CTSA4,ENMT4,EQPA5,EKTR3,FESA3,MEAL3,AGXY3,GEPA3,PRNR3,BBSE3"
M0,2023-01-09,2023-01-16,1.6948555460582782,-0.8744310310476274,2.5692865771059057,"MGLU3,LUPA3,AERI3,SMFT3,AURA33,BRAV3,CEAB3,CALI3,BMKS3,BEEF3","CTSA4,USIM6,GFSA3,CTSA3,EMAE4,MNDL3,BCPX39,MEAL3,BEWG39,BCHQ39"
M0,2023-01-16,2023-01-23,1.7075851065523553,0.1795790213038589,1.5280060852484965,"SGPS3,TASA3,TASA4,RPAD5,CTNM3,ETER3,XPBR31,ANIM3,CAML3,PETR3","CTSA4,ENMT4,CTSA3,GFSA3,RPAD6,BCPX39,BCHQ39,EMAE4,MNDL3,CMIN3"
M0,2023-01-23,2023-01-30,2.915720734047952,0.07206799210914344,2.8436527419388087,"AMER3,OIBR3,ALPK3,OIBR4,LUPA3,EUCA4,AZEV3,AZEV4,MGEL4,BCNY39","CTSA4,USIM6,RPAD5,CTSA3,GFSA3,CMIN3,BFXI39,BMKS3,BCHQ39,EMAE4"
M0,2023-01-30,2023-02-06,1.3721833718936691,-0.4512974562892266,1.8234808281828956,"AVLL3,AMER3,PATI3,WLMM4,MATD3,BMIN3,TXRX4,DESK3,BAZA3,BMKS3","CTSA4,USIM6,RPAD6,LUPA3,CTSA3,BAUH4,TKNO4,CMIN3,BCHQ39,CSNA3"
M0,2023-02-13,2023-02-22,2.2169083375963194,-0.2524395966617526,2.469347934258072,"BGIP4,SEQL3,TECN3,LUPA3,OIBR3,VIVR3,ARML3,LJQQ3,MWET4,TEND3","SOND5,CTSA4,AVLL3,WIZC3,BMKS3,GFSA3,EUCA4,ODPV3,ETER3,CMIN3"
M0,2023-02-22,2023-02-27,1.3377764576834201,-0.4557137907012796,1.7934902483846997,"RCSL3,MNPR3,NORD3,AERI3,GUAR3,VSTE3,MNDL3,PEAB4,LJQQ3,BMIN4","AVLL3,LUPA3,EUCA4,TECN3,CMIN3,POMO4,MWET4,GFSA3,RSID3,MATD3"
M0,2023-02-27,2023-03-06,1.5656409786769199,-0.020677099076768065,1.5863180777536878,"CEAB3,MNDL3,HETA4,CEEB5,IFCM3,FICT3,GPAR3,SCAR3,SEQL3,ROMI3","CTSA4,BMKS3,EUCA4,GFSA3,RSID3,POMO4,MNDL3,OPCT3,MWET4,BAZA3"
M0,2023-03-13,2023-03-20,1.5950144243468076,-0.31742998417405754,1.9124444085208652,"BIOM3,BALM4,PSVM11,EPAR3,TELB4,PLPL3,PLAS3,BRAV3,CASH3,SCAR3","CTSA4,TELB4,TELB3,POMO4,TTEN3,HETA4,CEAB3,EUCA4,AERI3,MGLU3"
M0,2023-04-03,2023-04-10,1.4673255052876846,-0.22771447047850793,1.6950399757661925,"CEDO4,BGIP3,BIXJ39,CEDO3,DEXP4,PATI4,BMIN4,MLAS3,CRPG5,USIM6","CTSA4,ENMT4,JOPA4,CEEB5,RCSL3,MNPR3,PLPL3,TECN3,MNDL3,TTEN3"
M0,2023-04-10,2023-04-17,2.676392453890735,0.18733644526618365,2.4890560086245515,"RCSL4,HETA4,EPAR3,TEND3,MLAS3,ESPA3,SYNE3,HBOR3,XPBR31,ENJU3","CTSA4,PATI4,PSVM11,MNPR3,CALI3,WLMM4,PLPL3,VSTE3,BAZA3,TASA3"
M0,2023-04-17,2023-04-24,5.62971341736474,0.3408914487280069,5.288821968636733,"CTNM3,CTNM4,CTSA3,CTSA4,SGPS3,CALI3,RCSL4,EMAE4,CEDO4,PDGR3","CTSA4,PATI3,MNPR3,WLMM4,PSVM11,EPAR3,PLPL3,BAZA3,MNDL3,SNSY3"
M0,2023-04-24,2023-05-02,2.1433057276611245,-1.711316662866094,3.8546223905272186,"LIGT3,CTSA3,IRBR3,PDGR3,DASA3,NEXP3,TEND3,ESTR4,AERI3,DESK3","ENMT4,PATI4,RCSL3,DTCY3,CEDO3,RCSL4,SNSY3,MNPR3,HETA4,AMER3"
M0,2023-05-02,2023-05-08,3.333678720253641,-0.2289057437897497,3.5625844640433906,"NUTR3,ESTR3,BRKM3,BRKM5,NORD3,ESTR4,PSVM11,ALPA4,POMO3,DASA3","CTNM3,CEEB5,BRSR5,BGIP3,CTSA3,PSVM11,BDLL4,MNPR3,CEBR5,WEST3"
M0,2023-05-08,2023-05-15,2.9377258318456074,-0.01358610393791539,2.9513119357835227,"ALPK3,TELB3,TELB4,AVLL3,YDUQ3,PINE4,LWSA3,CSED3,CEDO4,MDIA3","CTNM3,ESTR4,PSVM11,BGIP3,CTSA3,BDLL4,TEND3,MNPR3,ECOR3,EPAR3"
M0,2023-05-15,2023-05-22,3.004408793061252,-0.021994452928793616,3.0264032459900454,"MERC4,CEDO4,HOOT4,ALPK3,ALLD3,ENJU3,ARML3,IFCM3,CTKA4,BSLI4","CTNM3,CEEB5,COCE3,NUTR3,TEND3,TELB4,BALM3,CEAB3,ECOR3,IRBR3"
M0,2023-05-22,2023-05-29,2.5581085849934206,0.53762651655474,2.020482068438681,"IFCM3,BIOM3,CAMB3,GSHP3,CTKA4,PINE4,CBEE3,CRPG5,HOOT4,CRPG6","NUTR3,CTNM3,ENMT4,ESTR4,CEAB3,CEDO4,CEDO3,CTSA3,ALPK3,YDUQ3"
M0,2023-05-29,2023-06-05,3.433410894030367,0.6322556252467897,2.8011552687835772,"SGPS3,SHOW3,CTSA4,CTNM4,ALPK3,SNSY5,GFSA3,CVCB3,BHER39,INBR32","CTNM3,NUTR3,PATI4,AHEB3,CEDO4,CEAB3,CALI3,PSVM11,YDUQ3,ALPK3"
M0,2023-06-05,2023-06-12,2.6592008484907126,0.6776083374793606,1.981592511011352,"LIGT3,HOOT4,HETA4,BEES4,OSXB3,EUCA3,SNSY3,AMAR3,IFCM3,ASAI3","CTNM3,USIM6,ENMT4,NUTR3,CEDO4,HBTS5,CTSA4,YDUQ3,IRBR3,HOOT4"
M0,2023-06-12,2023-06-19,3.3364700507069642,0.5096309290652293,2.826839121641735,"DOTZ3,TRAD3,AVLL3,BMIN3,NEXP3,RSID3,TPIS3,POSI3,HAGA3,CTSA4","CTNM3,NUTR3,USIM6,ENMT4,SGPS3,HBTS5,CEDO4,CTNM4,CTSA3,CTSA4"
M0,2023-06-19,2023-06-26,2.7856398211624906,-0.0503479461860278,2.8359877673485183,"FRIO3,AZEV4,AZEV3,WEST3,RCSL4,LIGT3,CALI3,JFEN3,RNEW4,RPMG3","CTNM3,NUTR3,ENMT4,PATI4,BMIN3,SOND5,BALM3,SGPS3,LIGT3,ALPK3"
M0,2023-06-26,2023-07-03,1.5783639371497509,0.19282253526621929,1.3855414018835317,"PEAB4,DESK3,TEND3,SEER3,AMBP3,MNPR3,ALPK3,SHOW3,DASA3,CEDO3","NUTR3,ENMT4,LIGT3,ALPK3,CTSA4,SGPS3,CEDO4,BMIN3,CTSA3,CTNM4"
M0,2023-07-03,2023-07-10,1.5293413211840656,-0.1785310305100717,1.7078723516941374,"PCAR3,JFEN3,IFCM3,IRBR3,ALPK3,TXRX4,MRVE3,TEND3,DESK3,HETA4","CTNM3,NUTR3,USIM6,ENMT4,FRIO3,LIGT3,ALPK3,CTSA4,SGPS3,YDUQ3"
M0,2023-07-10,2023-07-17,1.2253613471915088,-0.2480589150265398,1.4734202622180486,"MNPR3,SOND6,RPAD5,PMAM3,BFNX39,CRPG5,BSIL39,BHER39,ECOR3,SCAR3","CTNM3,NUTR3,LIGT3,SOND5,HETA4,CEDO4,SGPS3,CTSA4,CTNM4,CTSA3"
M0,2023-07-17,2023-07-24,1.8398833053136245,0.2164007121215558,1.6234825931920687,"ENJU3,SNSY5,SNSY3,SEER3,CEEB5,OIBR4,WEGE3,ECOR3,INBR32,ALPK3","NUTR3,BHEW39,BIPC39,SGPS3,ALPK3,CEDO4,CTSA4,CTNM4,YDUQ3,TEND3"
M0,2023-07-24,2023-07-31,1.8121301762772801,0.16560306766015148,1.6465271086171287,"CASH3,AZEV4,CEDO4,AZEV3,BUSR39,MLAS3,PDTC3,CEEB5,NEXP3,CSUD3","NUTR3,CTNM3,HBTS5,LIGT3,CEDO4,YDUQ3,AVLL3,TEND3,HOOT4,BRKM6"
M0,2023-07-31,2023-08-07,1.7015092799327967,-0.2876170263029359,1.9891263062357325,"MAPT4,WLMM4,PDTC3,HBTS5,SEQL3,DXCO3,PFRM3,BCHQ39,FRIO3,MGEL4","CEEB5,ENMT4,NUTR3,PATI4,BIHE39,CEDO4,BIYP39,HETA4,AVLL3,HBTS5"
M0,2023-08-07,2023-08-14,2.269550501947872,0.460291243368124,1.8092592585797478,"WEST3,CEDO3,CEDO4,CTKA4,CEED3,INBR32,AZEV4,DEXP3,BMEB3,BIHE39","NUTR3,ENMT4,FRIO3,BRKM6,CEDO4,HBTS5,HOOT4,ALPK3,CEDO3,AVLL3"
M0,2023-08-28,2023-09-04,1.6801136128005636,-0.3529040189028913,2.033017631703455,"CRPG6,CRPG5,PTNT3,VSTE3,RCSL3,CVCB3,VIVR3,SEQL3,CBAV3,BGIP3","CTNM3,NUTR3,CALI3,CEDO3,CEDO4,MNPR3,TEND3,DESK3,WLMM4,INBR32"
M0,2023-09-04,2023-09-11,1.0063675003245016,-0.518421866603401,1.5247893669279025,"BMEB3,AGRO3,DASA3,ENMT3,BIGE39,BCRB39,G2DI33,HETA4,HBSA3,PDTC3","CEDO3,CALI3,CEDO4,MNPR3,WLMM4,CLSC3,WEST3,SEER3,AVLL3,PRIO3"
M0,2023-09-11,2023-09-18,1.3027966840117688,0.23287741931484968,1.0699192646969191,"CEDO4,AALR3,LOGN3,EPAR3,NUTR3,ENGI4,LAND3,CRPG5,DESK3,CRPG6","WLMM4,CEDO4,TEND3,MNPR3,PTNT3,SEER3,CLSC3,PINE4,PTNT4,KEPL3"
M0,2023-09-18,2023-09-25,1.112268330107545,-0.018406991237845283,1.1306753213453902,"CTKA4,DOTZ3,HETA4,PSVM11,HBTS5,MERC4,WLMM3,BURA39,OPCT3,INEP4","SOND5,CRPG3,CEDO3,CEDO4,WLMM4,HBTS5,DESK3,RPAD6,TEND3,MNPR3"
M0,2023-10-02,2023-10-09,1.102382639362581,-0.05657866581049398,1.158961305173075,"OSXB3,CBEE3,PGMN3,GSHP3,SOND6,CVCB3,EPAR3,INBR32,BALM3,FHER3","CTNM3,HBTS5,WLMM4,CEDO4,BMEB3,RPAD6,AZEV4,PINE4,BURA39,RPAD5"
M0,2023-10-09,2023-10-16,1.2837231748549713,-0.30279955449632373,1.5865227293512951,"CEBR3,CEBR5,CEBR6,ANIM3,SEER3,GPAR3,PSVM11,AURA33,PCAR3,CVCB3","SOND6,WLMM3,WLMM4,BMEB3,AZEV4,CEDO4,OSXB3,CEDO3,AZEV3,PINE4"
M0,2023-10-16,2023-10-23,1.4932191832873136,-0.5132088455022875,2.006428028789601,"RCSL3,BIOM3,GFSA3,FRIO3,CALI3,QUAL3,LIGT3,CASH3,HOOT4,LPSB3","CTNM3,WLMM4,CEDO4,AZEV4,AZEV3,BGIP3,RPAD3,RPAD5,OSXB3,SUZB3"
M0,2023-10-30,2023-11-06,1.7995030103590957,0.09970336411935733,1.6997996462397382,"SGPS3,WEST3,LWSA3,PTBL3,VAMO3,PDGR3,MBRF3,CEAB3,FHER3,GUAR3","CBEE3,PATI3,OSXB3,EPAR3,WLMM4,INBR32,RSUL4,CEDO4,PTNT4,BIHE39"
M0,2023-11-06,2023-11-13,2.3280561145452476,0.0886080138779855,2.239448100667262,"REDE3,CEAB3,LIGT3,BIOM3,AMAR3,PFRM3,INEP3,ANIM3,BMEB3,MGLU3","CBEE3,SOND6,CTKA4,CEDO3,PTNT3,CMIN3,OSXB3,EPAR3,RSUL4,BMIN4"
M0,2023-11-13,2023-11-20,2.361409976286085,-0.18317329751604883,2.5445832738021337,"CEDO4,CTKA4,MGLU3,SBFG3,CSNA3,CEDO3,AMER3,AZEV4,BHIA3,DEXP4","ENMT4,CMIN3,ENMT3,PTNT3,BMEB3,ALOS3,CRPG6,EPAR3,LOGG3,OSXB3"
M0,2023-11-20,2023-11-27,1.7779426025600749,-0.41626362837340253,2.1942062309334776,"FRIO3,JFEN3,BALM3,MBRF3,MNDL3,BSLI4,VIVR3,BSUS39,VSTE3,IRBR3","CTKA4,CALI3,CMIN3,BMIN3,EVTC31,ALOS3,CRPG6,UGPA3,CGAS3,CEAB3"
M0,2023-11-27,2023-12-04,2.6018551929829523,0.0221324318357243,2.579722761147228,"CTSA3,CTSA4,TCSA3,EQPA7,CTKA4,BFNX39,CTNM4,UCAS3,SGPS3,PDTC3","ENMT4,CTNM3,CEEB5,FRIO3,CMIN3,EVTC31,CALI3,JOPA3,CRPG6,CVCB3"
M0,2023-12-04,2023-12-11,1.5218708362745712,0.054216292983805585,1.4676545432907657,"CTNM4,CALI3,CSED3,PCAR3,VIVR3,ANIM3,TEND3,MGLU3,VSTE3,MAPT4","CTNM3,FRIO3,EQPA7,PATI3,CEDO4,EVTC31,CMIN3,SBFG3,CEAB3,GFSA3"
M0,2023-12-11,2023-12-18,5.103378398763514,0.5594173600255592,4.5439610387379545,"BHIA3,FRIO3,AVLL3,PDGR3,SEER3,BMGB4,ALLD3,RCSL3,CTSA3,AERI3","FRIO3,CALI3,CTKA4,CEDO3,CMIN3,CEDO4,EVTC31,CEAB3,CVCB3,SBFG3"
M0,2023-12-18,2023-12-26,2.3548602495445476,0.190185997236295,2.1646742523082527,"EPAR3,GFSA3,FRIO3,PINE3,CEED3,MNDL3,BRKM5,BMEB3,BMEB4,BRKM3","CTNM3,FRIO3,BHIA3,CALI3,CTSA3,SBFG3,CEDO4,CVCB3,CMIN3,CEAB3"
M0,2023-12-26,2024-01-02,1.8519369542881952,0.0067455881345065034,1.8451913661536887,"SEQL3,PEAB4,RNEW4,GFSA3,JOPA3,RCSL3,RNEW3,HETA4,IFCM3,HAGA3","SOND5,CTNM3,USIM6,CEEB5,FRIO3,BHIA3,SBFG3,CTSA3,GEPA3,ANIM3"
M0,2024-01-02,2024-01-08,1.1120204162157536,-0.0023655544669989714,1.1143859706827526,"RCSL3,PEAB3,BMGB4,CAMB3,PINE4,ODPV3,GFSA3,BHEZ39,PTNT3,ASAI3","SOND5,CBEE3,CTNM3,USIM6,PINE3,FRIO3,BHIA3,CEDO3,GSHP3,GFSA3"
M0,2024-01-08,2024-01-15,4.127534142346856,0.18665451290357682,3.940879629443279,"MAPT4,NORD3,GFSA3,NUTR3,MAPT3,PCAR3,BURA39,RCSL3,MWET4,BGIP4","PINE3,BHIA3,FRIO3,CEDO3,GFSA3,CEDO4,CTSA3,PATI4,CSNA3,CMIN3"
M0,2024-01-29,2024-02-05,1.046149679888757,-0.8094155393181239,1.855565219206881,"EQPA6,FRIO3,EKTR3,BIYC39,RCSL4,PEAB4,BIXN39,PEAB3,ODPV3,POMO4","CBEE3,BHIA3,MERC4,FRIO3,NORD3,GFSA3,PATI4,CTSA3,SBFG3,CEDO4"
M0,2024-02-14,2024-02-19,1.365256817617611,-0.15270769414401072,1.5179645117616216,"PINE3,HETA4,QUAL3,AALR3,BRKM5,BRKM3,PFRM3,FRIO3,USIM3,CSED3","BHIA3,FRIO3,MERC4,SNSY3,BMEB4,BMEB3,CEBR6,CTSA3,VSTE3,POMO4"
M0,2024-02-19,2024-02-26,2.670030137377,0.07564959134838972,2.5943805460286105,"BIOM3,PINE3,RCSL4,BMEB4,GFSA3,PDTC3,PLAS3,BRKM6,GUAR3,GMAT3","BHIA3,FRIO3,CBEE3,NORD3,SNSY3,BMEB3,BMGB4,CTSA3,BNBR3,POMO4"
M0,2024-02-26,2024-03-04,2.0792613087322906,0.22262665210803909,1.8566346566242515,"SYNE3,CTKA3,GFSA3,JOPA3,BIDN39,BHIA3,HBRE3,MWET4,PATI3,CTKA4","BHIA3,FRIO3,ENMT4,CBEE3,NORD3,TKNO4,SNSY3,BMEB3,BNBR3,BMGB4"
M0,2024-03-04,2024-03-11,2.6779712097125996,-0.8774680664251232,3.5554392761377227,"PSVM11,RCSL4,EKTR3,CALI3,MRSA3B,MAPT3,GUAR3,BIHA39,BSIZ39,PLAS3","BHIA3,FRIO3,NORD3,MERC4,SNSY3,BMEB3,BMEB4,SYNE3,BIOM3,DTCY3"
M0,2024-03-18,2024-03-25,1.9333497515099285,-0.02111043999663382,1.9544601915065622,"AALR3,HBRE3,HBTS5,ALLD3,TKNO4,BRKM5,BPVE39,SHOW3,BRKM3,RSID3","NORD3,SYNE3,SNSY3,PLAS3,SNSY5,NUTR3,BMEB3,BIOM3,PTNT3,CXSE3"
M0,2024-03-25,2024-04-01,2.0279329186853,-0.047184350232548584,2.0751172689178485,"JFEN3,CGAS5,AGXY3,CGAS3,POSI3,ENJU3,AHEB3,CTKA3,FICT3,CEAB3","NORD3,SYNE3,SOND5,TKNO4,SNSY3,SNSY5,BIOM3,BALM3,EKTR4,POMO4"
M0,2024-04-01,2024-04-08,3.004742395290479,-0.5425155916197639,3.5472579869102425,"EMAE3,AZEV4,AZEV3,BIYG39,TRAD3,CBAV3,ESTR4,SOND6,CEAB3,ENJU3","NORD3,SYNE3,SOND5,FIEI3,SNSY3,PINE3,BIOM3,SNSY5,CGAS3,POSI3"
M0,2024-04-08,2024-04-15,1.7229673063498891,-0.14223398103583018,1.8652012873857193,"MAPT4,MAPT3,LAND3,BDLL4,RPAD6,CALI3,MERC4,INEP3,DOTZ3,BIEO39","SYNE3,SOND5,NORD3,CEED4,EKTR3,BDLL3,TXRX3,SNSY3,PINE3,BIOM3"
M0,2024-04-15,2024-04-22,2.074814843555461,0.45446027358735347,1.6203545699681074,"SEQL3,BIOM3,RSID3,QUAL3,AHEB6,AMAR3,CEBR3,HBTS5,AALR3,DMVF3","ENMT4,SYNE3,CBEE3,NORD3,BIOM3,SNSY3,SNSY5,BALM3,POSI3,PINE3"
M0,2024-04-22,2024-04-29,2.5934766963244607,0.033697086315138174,2.5597796100093224,"BAZA3,DOTZ3,PCAR3,NORD3,AHEB3,BHIA3,WLMM4,COGN3,TEND3,TRAD3","SYNE3,USIM6,BIOM3,SNSY5,CEAB3,GUAR3,RSID3,POSI3,PINE3,RPAD6"
M0,2024-04-29,2024-05-06,1.6108325299743738,0.2465297131455943,1.3643028168287794,"INTB3,EQPA5,EQPA7,BMEB4,GUAR3,ENJU3,DOTZ3,AHEB5,HAGA4,PCAR3","SYNE3,AHEB3,CEAB3,CEBR3,SNSY5,PINE3,RSID3,GUAR3,BCPX39,TEND3"
M0,2024-05-06,2024-05-13,1.1441270601407005,-0.5712488568958669,1.7153759170365674,"ESPA3,BSOC39,CAML3,RDOR3,AHEB3,CASH3,MBRF3,BMEB3,VAMO3,PDGR3","SYNE3,CEAB3,CEEB5,BIOM3,BAZA3,RPAD3,GUAR3,RSID3,ENJU3,CEBR3"
M0,2024-05-13,2024-05-20,2.1521297103775177,0.12523361884006398,2.026896091537454,"BSLI4,BSLI3,CBAV3,CASH3,MBRF3,PDGR3,LJQQ3,ONCO3,LUPA3,MLAS3","SYNE3,BAZA3,BIOM3,ENJU3,RSID3,GUAR3,PINE3,CBAV3,BCPX39,CEDO3"
M0,2024-06-10,2024-06-17,1.33305049417524,-0.1857522124568485,1.5188027066320884,"AMER3,BGIP3,ENMT4,MERC4,PSVM11,HAGA3,AHEB3,CVCB3,BIXN39,INEP4","BAZA3,ENMT4,RCSL3,MWET4,CBAV3,BIOM3,PSVM11,BDLL4,AURA33,RSID3"
M0,2024-06-24,2024-07-01,1.8613720456746117,0.4788612314886671,1.3825108141859446,"AMBP3,OIBR3,OIBR4,AGXY3,SUZB3,BUTL39,BAZA3,SNSY3,AHEB3,MBRF3","BAZA3,RCSL3,DTCY3,PSVM11,MWET4,CBAV3,RCSL4,BIOM3,BIAT39,WLMM4"
M0,2024-07-01,2024-07-08,2.6110947129149564,-0.14601470376473272,2.7571094166796892,"AGXY3,VVEO3,AMBP3,ONCO3,QUAL3,AALR3,AMER3,SIMH3,BALM3,AERI3","RCSL3,CBEE3,PSVM11,BDLL4,RCSL4,BIAT39,CBAV3,WLMM4,RSID3,BIOM3"
M0,2024-07-08,2024-07-15,1.8832364806290507,0.13870488133639772,1.744531599292653,"CTSA4,PSVM11,AMER3,AZEV4,MAPT4,HAGA3,AZEV3,GFSA3,TRAD3,CTNM4","RCSL3,AHEB3,BAZA3,WLMM3,RCSL4,AMBP3,CTKA3,CBAV3,BIOM3,CASH3"
M0,2024-07-15,2024-07-22,1.8562834554485137,-0.07690994230231454,1.9331933977508282,"AMBP3,MWET4,AMER3,CTNM4,TKNO4,MERC4,SGPS3,EQPA6,MAPT3,LUPA3","RCSL3,CBEE3,BAZA3,PSVM11,RCSL4,AMBP3,BNBR3,JOPA3,BIAT39,CBAV3"
M0,2024-07-22,2024-07-29,2.1885882960686582,-0.25726656526641406,2.4458548613350723,"CTSA4,NORD3,AMBP3,MNPR3,CTSA3,FIEI3,MAPT4,BIJS39,BMEB4,BMEB3","RCSL3,AHEB3,TKNO4,BAZA3,BIAT39,AURA33,INBR32,BMEB4,CBAV3,VAMO3"
M0,2024-07-29,2024-08-05,2.0641310233515635,-0.5767517153753834,2.6408827387269467,"AMBP3,PSVM11,MRSA3B,NORD3,FRIO3,EALT3,ETER3,POMO4,POMO3,PCAR3","RCSL3,MERC4,RCSL4,FIEI3,JOPA3,BIAT39,BMEB3,RPMG3,AURA33,ENMT3"
M0,2024-08-05,2024-08-12,2.8992108221738264,0.40628528637396033,2.4929255357998663,"SEQL3,AMBP3,AERI3,CASH3,AHEB3,TPIS3,VLID3,BHIA3,GUAR3,IFCM3","RCSL3,AMBP3,PSVM11,MWET4,RCSL4,AURA33,BIAT39,RPMG3,GEPA3,DESK3"
M0,2024-08-12,2024-08-19,3.2346274833915603,-0.20963811492685108,3.4442655983184114,"AHEB5,IRBR3,DOTZ3,NORD3,LIGT3,AERI3,PATI3,AALR3,CTKA4,PATI4","RCSL3,RCSL4,WLMM3,EALT3,TXRX3,AZZA3,BMEB3,BMEB4,CGAS3,RPMG3"
M0,2024-08-19,2024-08-26,2.184075058400507,0.4150152417346662,1.769059816665841,"AHEB6,RCSL3,TPIS3,PATI3,AMBP3,LAND3,NGRD3,PRNR3,PDTC3,QUAL3","TKNO4,RCSL3,DTCY3,AMBP3,AHEB3,BALM3,MERC4,RCSL4,PATI3,FIEI3"
M0,2024-08-26,2024-09-02,2.4265654166728328,0.4472300092144,1.9793354074584328,"RCSL3,AMER3,NORD3,MNDL3,AERI3,PATI4,RCSL4,EALT4,AHEB5,PTNT4","TKNO4,RCSL3,DTCY3,AMBP3,PATI3,AHEB3,PATI4,BMEB3,BRSR5,IRBR3"
M0,2024-09-02,2024-09-09,1.548146336863314,-0.7535340296808718,2.301680366544186,"G2DI33,LIGT3,RCSL3,HETA4,BIOM3,LPSB3,PLAS3,RCSL4,FIEI3,ALLD3","CEEB5,CBEE3,PATI4,PATI3,WLMM3,AERI3,NGRD3,MNPR3,AALR3,IRBR3"
M0,2024-09-09,2024-09-16,3.4320389782812795,0.20547470244036847,3.2265642758409108,"ESTR4,TRAD3,JFEN3,FRIO3,CMIN3,SEER3,VVEO3,AURA33,LAND3,NORD3","WLMM3,AMBP3,BALM3,RCSL3,BMEB3,EALT3,MNPR3,LIGT3,SBFG3,IRBR3"
M0,2024-09-23,2024-09-30,2.1705102769601936,0.4012797772324266,1.769230499727767,"AMBP3,BCHQ39,QUAL3,BFXI39,RNEW4,CBAV3,RNEW3,TRAD3,CSNA3,BLBT39","DTCY3,CEEB5,AMBP3,ESTR4,BRSR5,AHEB3,RCSL3,LIGT3,VLID3,BMEB4"
M0,2024-09-30,2024-10-07,1.367319754671868,-0.28668184539119607,1.6540016000630642,"BALM3,BCHI39,EVEN3,BCHQ39,MDNE3,BIUS39,PINE4,DASA3,DOTZ3,BLBT39","DTCY3,AMBP3,CBEE3,ESTR4,NORD3,RCSL3,BMEB3,CTSA4,EALT3,IRBR3"
M0,2024-10-14,2024-10-21,2.5273046964836263,0.12031267483558712,2.406992021648039,"PDGR3,FICT3,RCSL4,BOBR4,BKWB39,BFNX39,BSIL39,BURA39,PATI3,MNPR3","BKCH39,AMBP3,CEGR3,ESTR4,HETA4,TRAD3,MNPR3,TPIS3,RCSL3,BMEB3"
M0,2024-10-21,2024-10-28,1.6880660274169366,-0.1791887878183055,1.867254815235242,"BIET39,AALR3,FRIO3,CEDO3,BIFR39,MAPT4,MWET4,PATI4,OIBR4,CVCB3","BKCH39,BRSR5,WLMM3,AMBP3,FICT3,ESTR4,TPIS3,TRAD3,RCSL3,LIGT3"
M0,2024-10-28,2024-11-04,1.2819966951348272,0.04900746527518669,1.2329892298596405,"SEER3,PFRM3,VVEO3,EZTC3,QUAL3,TOTS3,VSTE3,RCSL4,BLAU3,ODPV3","BKCH39,AMBP3,BRSR5,WLMM3,CEEB5,FICT3,RCSL4,ESTR4,TPIS3,CGAS3"
M0,2024-11-04,2024-11-11,1.6524444394749689,0.12401505081303091,1.528429388661938,"TRAD3,AMBP3,MWET4,BKCH39,MYPK3,FRIO3,TEND3,BIAT39,GGBR4,GOAU4","BKCH39,AMBP3,RCSL4,FICT3,TPIS3,HETA4,BIET39,BEUW39,CEAB3,SEER3"
M0,2024-11-11,2024-11-18,2.668287468047504,0.2876206111398985,2.3806668569076055,"AMER3,FICT3,BCNY39,BKYY39,MERC4,TTEN3,UNIP6,TRAD3,CTKA4,RPAD5","BKCH39,RCSL4,AMBP3,CGAS3,BMIN3,TRAD3,TPIS3,MWET4,GEPA3,BIET39"
M0,2024-11-25,2024-12-02,2.370748662609481,-0.22650591244751592,2.5972545750569966,"AGXY3,MWET3,SAPR4,SAPR11,RCSL3,SAPR3,NUTR3,MWET4,PPLA11,BGOZ39","BRSR5,BKYY39,BKCH39,AMBP3,TRAD3,FICT3,MWET4,BIET39,TPIS3,MNDL3"
M0,2024-12-02,2024-12-09,2.3232998000412954,-1.0307325725934193,3.3540323726347148,"FHER3,BFNX39,LAND3,BIYC39,BIYM39,BIYG39,AVLL3,MGEL4,RCSL4,BCHQ39","BKCH39,AMBP3,TRAD3,FICT3,BIET39,BURA39,GEPA3,HETA4,TPIS3,CBAV3"
M0,2024-12-09,2024-12-16,3.8279978643365933,0.23618935827434068,3.5918085060622524,"FICT3,AMBP3,AZEV3,AZEV4,AERI3,EPAR3,SYNE3,PCAR3,MSPA3,MELK3","BKCH39,TRAD3,AMBP3,MWET4,CBEE3,BIET39,RCSL4,CTKA4,BLBT39,MNPR3"
M0,2024-12-16,2024-12-23,1.5672551105877723,-1.0032424675881126,2.570497578175885,"ESTR4,VSTE3,AGXY3,FRIO3,BDLL4,RNEW3,EKTR4,VVEO3,MTSA4,BIOM3","BKCH39,TRAD3,AMBP3,AHEB5,MWET4,BIET39,FHER3,BCHQ39,MNPR3,BFXI39"
M0,2025-01-13,2025-01-20,2.416302764730513,-0.1709296043319497,2.5872323690624626,"AGXY3,AZEV4,AZEV3,CGAS3,BCLO39,BIYJ39,BRKM5,BRKM3,NGRD3,AALR3","FRIO3,CTKA3,BIET39,BRAV3,FHER3,BFNX39,MWET4,MNPR3,MBRF3,BCNY39"
M0,2025-01-20,2025-01-27,1.5775890880556966,-0.15308880414351678,1.7306778921992134,"BHIA3,PLPL3,EMAE4,BSIZ39,OPCT3,MDIA3,MGLU3,AMER3,CEAB3,FICT3","FRIO3,BIET39,BRAV3,BRSR5,MAPT4,AMER3,FHER3,BALM3,AGXY3,BCLO39"
M0,2025-01-27,2025-02-03,2.2776883169641233,0.17950780399833227,2.098180512965791,"AZEV4,AZEV3,CTKA3,MGEL4,PDTC3,SNSY5,TELB4,AGXY3,TELB3,BSLI3","FRIO3,BRSR5,SOND5,AMER3,FHER3,RPAD5,MNPR3,TTEN3,MYPK3,CTKA4"
M0,2025-02-03,2025-02-10,1.2864208945476927,0.006521773374987211,1.2798991211727055,"CASH3,CTKA3,COGN3,RPAD3,PLAS3,BIXJ39,BMEB3,BALM3,COCE3,BCPX39","CTKA3,AMER3,AGXY3,CTKA4,MNPR3,FHER3,TTEN3,PLAS3,EKTR4,MYPK3"
M0,2025-02-10,2025-02-17,1.726156831446368,-1.4802689541297254,3.2064257855760934,"SIMH3,VAMO3,MOVI3,CTSA4,BRST3,ARML3,PCAR3,JSLG3,FICT3,PSVM11","CTKA3,AMER3,CTKA4,AGXY3,FHER3,AZEV4,AZEV3,MNPR3,TTEN3,MERC4"
M0,2025-02-17,2025-02-24,2.9726716026033184,-0.10582263422810154,3.07849423683142,"ONCO3,TKNO3,AZEV4,AZEV3,BDLL4,CTKA4,AMAR3,RCSL4,BIOM3,VIVR3","AMER3,DTCY3,AZTE3,AGXY3,FHER3,CEDO3,IRBR3,AMAR3,AURA33,LAND3"
M0,2025-02-24,2025-03-05,1.5186281729097104,0.1573070019339426,1.3613211709757678,"BCRB39,AZTE3,AHEB6,VSTE3,ABEV3,PLAS3,RSUL4,AHEB5,BSDV39,EVTC31","AZTE3,WLMM3,AMER3,BALM3,BKWB39,FHER3,AGXY3,LAND3,IRBR3,MERC4"
M0,2025-03-10,2025-03-17,2.000588913150076,0.03193127478369512,1.968657638366381,"TPIS3,UNIP5,SIMH3,MGLU3,HBRE3,UNIP6,HBOR3,EZTC3,B3SA3,RCSL4","AMER3,AZTE3,FRIO3,FICT3,ONCO3,AMAR3,COGN3,MNPR3,YDUQ3,BCRB39"
M0,2025-03-17,2025-03-24,6.767392692670892,0.5218485942727986,6.245544098398094,"ITUB3,ITUB4,BHIA3,IFCM3,HOOT4,AMER3,RCSL4,MBRF3,MWET4,BRAV3","FICT3,BKWB39,ONCO3,BHIA3,AZTE3,COGN3,AMAR3,EZTC3,YDUQ3,BIOM3"
M0,2025-03-24,2025-03-31,3.1659916797623344,0.35020483658111806,2.8157868431812165,"BSLI3,BSLI4,GFSA3,PCAR3,IFCM3,MEAL3,CTKA4,PSVM11,TKNO4,HOOT4","ONCO3,BKWB39,FICT3,BRSR5,ITUB3,ITUB4,BHIA3,AMAR3,COGN3,CTKA4"
M0,2025-03-31,2025-04-07,1.8280303876066277,-0.895640464651681,2.7236708522583086,"PMAM3,BREZ39,BALM4,ARML3,PDGR3,OIBR4,YDUQ3,RCSL4,TRAD3,BALM3","CTKA3,BKWB39,ITUB3,ITUB4,GFSA3,COGN3,CTKA4,IFCM3,PSVM11,AMAR3"
M0,2025-04-14,2025-04-22,1.9780341365805203,-0.07813547668310425,2.0561696132636245,"CASH3,EXPB31,HBOR3,ANIM3,MRVE3,PTBL3,TUPY3,LWSA3,HBSA3,AALR3","BKWB39,ITUB3,ITUB4,ONCO3,BHIA3,RCSL4,CTKA4,COGN3,MGLU3,BALM4"
M0,2025-04-22,2025-04-28,1.4406658722191314,0.019886536269863864,1.4207793359492675,"CASH3,INEP3,MOVI3,BKCH39,ESTR4,RPAD5,AERI3,SEER3,ECOR3,ONCO3","ITUB4,ITUB3,ONCO3,SOND5,BKWB39,COGN3,RCSL4,BHIA3,ANIM3,MOVI3"
M0,2025-04-28,2025-05-05,2.8075537181574743,0.15030894626825828,2.657244771889216,"CCTY3,AZEV4,BRSR5,INEP4,INEP3,AZEV3,BALM3,DOTZ3,RCSL4,MNPR3","ITUB4,ITUB3,BKWB39,DTCY3,EKTR3,ONCO3,CASH3,COGN3,MOVI3,PMAM3"
M0,2025-05-05,2025-05-12,6.970685468942658,-0.2607750837611143,7.231460552703772,"CCTY3,AGXY3,RCSL4,CBAV3,ANIM3,AZZA3,INEP4,LJQQ3,CEAB3,VULC3","ITUB4,ITUB3,BKWB39,PSVM11,BRSR5,ONCO3,BALM3,CASH3,PMAM3,MOVI3"
M0,2025-05-12,2025-05-19,5.060826628142332,0.001275535466024903,5.059551092676307,"CTSA3,CTSA4,ATED3,HOOT4,GSHP3,NGRD3,SEER3,DOTZ3,LPSB3,MDNE3","ITUB3,BKWB39,ITUB4,AGXY3,RCSL4,MWET4,ONCO3,PMAM3,ANIM3,MOVI3"
M0,2025-05-19,2025-05-26,1.5762353721511935,0.2225291595347694,1.353706212616424,"CTSA4,AGXY3,LIGT3,BIGS39,RAIZ4,AURA33,EUCA4,CBEE3,TEND3,BIED3","ITUB4,ITUB3,BKWB39,DTCY3,CCTY3,AGXY3,ONCO3,CTSA4,ANIM3,ESTR4"
M0,2025-05-26,2025-06-02,4.32551376150856,0.3601821337802481,3.965331627728312,"SHOW3,CCTY3,AMBP3,FHER3,VAMO3,MDNE3,BRKM6,AURA33,CGAS3,TRAD3","CCTY3,ITUB3,ITUB4,WLMM3,DTCY3,CTSA4,CASH3,SEER3,PMAM3,ANIM3"
M0,2025-06-02,2025-06-09,4.564926269749301,-0.2922646683773377,4.857190938126639,"HAPV3,RNEW4,RNEW3,CEEB5,BALM3,RSID3,HBOR3,EUCA3,AMER3,BKCH39","CCTY3,ITUB4,ITUB3,DTCY3,AGXY3,SHOW3,CTSA4,ANIM3,CASH3,SEER3"
M0,2025-06-16,2025-06-23,1.3023089125612601,-0.4020436999261897,1.7043526124874497,"AMER3,TXRX3,BIXG39,BIXN39,BSLI4,PSVM11,CTAX3,PATI3,BAZA3,PINE3","CCTY3,AHEB5,ITUB3,ITUB4,HAPV3,SHOW3,BALM3,CTSA4,MAPT4,DOTZ3"
M0,2025-06-23,2025-06-30,1.9579326544456452,-0.25377212921751413,2.2117047836631594,"CTSA3,TCSA3,IFCM3,BKCH39,CEAB3,ONCO3,CBAV3,AMOB3,VITT3,PDGR3","CCTY3,AHEB5,ITUB3,ITUB4,GFSA3,HAPV3,AGXY3,SHOW3,CTSA4,DOTZ3"
M0,2025-06-30,2025-07-07,1.9908234561469744,-0.4795174941833966,2.470340950330371,"EMAE3,MAPT4,BGIP3,SEQL3,BHIA3,AZTE3,ARML3,PPLA11,TRAD3,DTCY3","CCTY3,ITUB3,ITUB4,CTKA3,HAPV3,AGXY3,CTSA3,GFSA3,CTSA4,CASH3"
M0,2025-07-07,2025-07-14,2.027946809234914,-0.09324824616194008,2.1211950553968544,"ADMF3,BSOC39,AALR3,AZEV3,PSVM11,BFNX39,BIDR39,FHER3,CASH3,TCSA3","CCTY3,HAPV3,AHEB5,ITUB3,ITUB4,AGXY3,GFSA3,SHOW3,CEEB5,CTSA4"
M0,2025-07-14,2025-07-21,2.131500178708349,-0.1566622838565096,2.2881624625648587,"RNEW3,CBEE3,RNEW4,EKTR4,BIPC39,RPAD3,EKTR3,FLRY3,SYNE3,FIEI3","CCTY3,HAPV3,AGXY3,ITUB3,ITUB4,GFSA3,SHOW3,CTSA3,CTSA4,BALM3"
M0,2025-07-28,2025-08-04,4.599044439950588,-0.3260523729394743,4.925096812890063,"IFCM3,WEST3,BSLI4,DOTZ3,ESTR4,AMBP3,CRPG3,ALLD3,PPLA11,CEAB3","CCTY3,HAPV3,SOND5,ITUB3,ITUB4,AGXY3,GFSA3,CTSA3,SHOW3,CBEE3"
M0,2025-08-04,2025-08-11,1.6857926097361644,0.34845922677467756,1.3373333829614868,"CCTY3,AXIA3,AXIA6,MOVI3,LIGT3,MDIA3,RADL3,INBR32,UNIP3,ADMF3","HAPV3,CCTY3,ITUB3,ITUB4,WLMM3,TKNO4,GFSA3,IFCM3,SHOW3,CTSA4"
M0,2025-08-11,2025-08-18,2.0517164501741068,0.40472127439614747,1.6469951757779593,"CCTY3,FIEI3,MNPR3,CEBR6,GGPS3,CEBR3,BPAC5,BPAC3,MRVE3,CEBR5","HAPV3,CCTY3,ITUB3,ITUB4,TKNO4,GFSA3,IFCM3,SHOW3,FIEI3,BRKM6"
M0,2025-08-18,2025-08-25,1.5722529938048564,-0.3921768022252964,1.9644297960301529,"ESTR4,WEST3,PCAR3,AALR3,HBTS5,HBRE3,COCE3,OIBR3,BEEF3,ESPA3","CCTY3,ITUB3,ITUB4,CTKA3,HAPV3,GFSA3,SHOW3,IFCM3,FIEI3,BALM3"
M0,2025-08-25,2025-09-01,1.9056098139937865,-0.5595751679616601,2.4651849819554466,"BHIA3,PMAM3,TELB4,RAIZ4,DOTZ3,AMER3,MGLU3,GOLL54,CBAV3,BALM4","CCTY3,ITUB4,ITUB3,HAPV3,GFSA3,TKNO4,IFCM3,FIEI3,BALM3,PATI3"
M0,2025-09-01,2025-09-08,1.55547161807769,-0.48828340549166765,2.0437550235693576,"GOLL54,CSAN3,MNPR3,CBAV3,LUXM4,SEER3,JSLG3,HBOR3,TELB4,MGEL4","ITUB3,ITUB4,HAPV3,WLMM3,GFSA3,TKNO4,IFCM3,BGIP3,FIEI3,ESTR4"
M0,2025-09-08,2025-09-15,2.4593192376506208,-0.0643114607707114,2.523630698421332,"SEQL3,VIVR3,GROP31,PINE3,PDGR3,TXRX4,JFEN3,BKCH39,PINE4,MGLU3","EKTR3,GFSA3,PSVM11,ITUB3,ITUB4,HAPV3,CTKA3,BMIN3,COCE3,TKNO4"
M0,2025-09-15,2025-09-22,1.269066623360117,0.09373332547016068,1.1753332978899564,"DESK3,QUAL3,RPAD6,JHSF3,RPAD5,ESPA3,PINE4,BKCH39,BURA39,PINE3","PSVM11,HAPV3,ITUB3,ITUB4,GFSA3,IFCM3,FIEI3,MNPR3,CCTY3,BKCH39"
M0,2025-09-22,2025-09-29,1.5785005355872872,-0.7051363324043369,2.283636867991624,"BDLL3,MERC4,EMAE4,VVEO3,BPIC39,CEDO4,MOAR3,ATED3,MELK3,ENMT3","ITUB4,ITUB3,HAPV3,GFSA3,TKNO4,IFCM3,BRSR5,BGIP3,CBEE3,CCTY3"
M0,2025-09-29,2025-10-06,1.3794924274395075,-0.2525529161353399,1.6320453435748474,"EVEB31,ONCO3,BKCH39,DASA3,BRSR5,MGEL4,TKNO4,WEST3,BKSA39,MERC4","PSVM11,ITUB4,HAPV3,ITUB3,COCE3,IFCM3,FIEI3,AADA39,MNPR3,HBOR3"
M0,2025-10-20,2025-10-27,1.9048589564341287,-0.28497189909220483,2.1898308555263335,"RCSL4,CEEB5,VVEO3,ARGT39,RCSL3,DASA3,HOOT4,BHIA3,VAMO3,AZZA3","ITUB4,ITUB3,EKTR3,PSVM11,CEED3,IFCM3,DESK3,MGEL4,BKCH39,FIEI3"
M0,2025-10-27,2025-11-03,2.1684904197511656,0.1442608698871441,2.0242295498640215,"CRPG6,CRPG5,LIGT3,MNPR3,KEPL3,TPIS3,RCSL4,MLAS3,MGEL4,HBOR3","ITUB4,ITUB3,EKTR3,CEEB5,BKCH39,DESK3,MGEL4,QUAL3,BMEB3,PINE4"
M0,2025-11-03,2025-11-10,4.6655767224009566,0.22918700500544226,4.436389717395515,"IFCM3,CRPG5,DASA3,SOND5,CRPG6,MGEL4,ALPA4,ANIM3,LAND3,PDTC3","ITUB4,ITUB3,WLMM3,SOND5,CEEB5,PRXB31,RCSL4,DESK3,MGEL4,BKCH39"
M0,2025-11-10,2025-11-17,6.8397911206909,-0.7935044939175591,7.633295614608459,"PDGR3,MBRF3,LPSB3,CRPG3,MAPT4,RCSL4,TKNO4,OIBR4,BRKM5,VVEO3","ITUB4,ITUB3,MWET3,IFCM3,CRPG6,PRXB31,DESK3,MGEL4,CBAV3,PINE3"
M0,2025-11-17,2025-11-24,1.274195830277262,0.15218694122954107,1.122008889047721,"DASA3,MOAR3,BHIA3,LUXM4,HBRE3,RCSL4,HBOR3,DESK3,BRKM6,COGN3","ITUB4,ITUB3,PSVM11,IFCM3,IGTI4,RCSL4,DESK3,DASA3,VVEO3,CBAV3"
M0,2025-11-24,2025-12-01,4.329664441862277,0.19449055465521353,4.135173887207063,"OIBR3,FIGE3,RCSL3,OIBR4,RCSL4,BIED3,JSLG3,BGIP3,LPSB3,MRSA3B","ITUB4,ITUB3,PSVM11,IFCM3,MERC4,DASA3,BECH39,DESK3,PINE3,PINE4"
M0,2025-12-01,2025-12-08,4.139741209765416,-0.2679357707323699,4.407676980497786,"SEQL3,RCSL4,PDGR3,BIOM3,GSHP3,EVEB31,EQPA5,CTKA3,BRKM6,FHER3","ITUB3,ITUB4,IFCM3,DASA3,BECH39,DESK3,VVEO3,HOOT4,LOGN3,PINE4"
M0,2025-12-08,2025-12-15,1.6588625828187369,-0.6532911071552209,2.312153689973958,"BALM4,TPIS3,RPAD5,PGMN3,PDTC3,BALM3,BMEB4,AURA33,SMTO3,DASA3","IFCM3,DASA3,SEQL3,MERC4,DESK3,RCSL3,BECH39,GSHP3,CBAV3,HOOT4"
M0,2025-12-15,2025-12-22,2.23829339678556,0.08764027408577423,2.150653122699786,"RCSL4,ONCO3,SOND5,SOND6,BIHE39,MRSA3B,BSIL39,MAPT4,BRAV3,AURA33","IFCM3,SEQL3,CBAV3,DESK3,BECH39,HOOT4,BALM3,RCSL4,DASA3,PGMN3"
M0,2025-12-22,2025-12-29,2.105531751166009,0.577648977229491,1.527882773936518,"PMAM3,BAUH4,BMEB3,SEQL3,EQPA5,LUPA3,EKTR3,RCSL4,BPAC3,RCSL3","CBAV3,DESK3,HOOT4,SOND5,RCSL4,SOND6,DASA3,SEQL3,PGMN3,BKYY39"
M0,2025-12-29,2026-01-05,2.5297515659136445,0.3435581480970262,2.1861934178166185,"EQPA5,BITB39,AZEV3,RCSL4,FRIO3,INEP3,CTSA3,BPAC3,BIED3,SHOW3","DASA3,CBAV3,DESK3,HOOT4,IFCM3,EQPA5,CRPG3,SEQL3,BECH39,BMEB3"
M0,2026-01-05,2026-01-12,2.5643413423095978,0.3639555738753263,2.2003857684342716,"GOLL54,AZEV3,RCSL3,AXIA5,RCSL4,ANIM3,CBAV3,TASA4,BIED3,LUPA3","CBAV3,DESK3,HOOT4,EQPA5,IFCM3,RCSL4,RPAD3,BGIP3,BECH39,PGMN3"
M0,2026-01-12,2026-01-19,2.7515560759902944,-0.2283654571708038,2.9799215331610984,"BEZA39,PTNT4,COCE3,PMAM3,BIDN39,RSID3,BSIL39,PLAS3,GROP31,MERC4","IFCM3,CBAV3,DESK3,RCSL4,DASA3,RCSL3,SEQL3,BECH39,CRPG6,PGMN3"
M0,2026-01-19,2026-01-26,3.8231315346749475,-1.2778264967929631,5.10095803146791,"PDGR3,GPAR3,EQPA7,G1TR39,OIBR3,ANIM3,COGN3,NORD3,CLSC3,ONCO3","SOND5,IFCM3,CBAV3,DESK3,BALM3,RCSL4,DASA3,RCSL3,SEQL3,BEZA39"
M0,2026-01-26,2026-02-02,1.630619330194461,-0.4173240359328383,2.047943366127299,"CTSA3,RAIZ4,PPLA11,TXRX4,MRSA3B,GSHP3,FESA4,WEST3,BMEB3,HAGA3","IFCM3,SOND6,CBAV3,RCSL3,DESK3,DASA3,BRKM6,AURA33,CLSC3,BECH39"
